text,label,category
"Subject: Receipt for the Helio Print order

Helio Print confirmation for Northwind.

The items will arrive at the Austin office on Friday.

Nothing else is due. Please do not send a card number by email.

Questions can go to Grace.",ham,order_receipt
"Subject: Can I ask a personal favor

We have written for weeks, and I finally trust you.

The hotel wants 2500 USD before they will release my passport.

I cannot reach Harbor Credit Union from here, and the clerk will not take a promise.

Send the money to the name I will give you, not to my old account.

Please do not mention this to Metro Transit.",spam,romance_scam
"Subject: Canceled: office hours

Calendar note only.

The attachment on the invite is the same one-page agenda as last week.

Decline if you are out. No project impact.

I will update the invite once more if Andre is still traveling.",ham,calendar
"Subject: Question about mailbox

Quick question, nothing urgent.

I can take notes on Monday if you still need coverage.

The only part I would change is the example about mailbox.

Want to look at it together at 16:30?

Thanks,
Noah Novak",ham,colleague
"Subject: Customs charge of 2500 USD

Hello Omar,

We need a card on file before the courier leaves Minneapolis.

Update the delivery address here: http://paypal-resolution.example/notes

Storage fees start on Tuesday.",spam,shipping_phish
"Subject: Weekly update INC59986

Status note for the infrastructure workstream.

We slipped the Helio Print integration because their sandbox was down in Minneapolis.

Read the board before standup if you have a dependency on badge access.

Ping me if this summary missed your piece.",ham,project_status
"Subject: Out of office Monday

Hi Kenji,

I am out Monday for the campus visit and will read mail at the end of the day.

The itinerary is at http://learn.lumen.example/review if you need the address.",ham,travel
"Subject: Hold: Monday 10:30

Hello platform team,

Office hours on Monday are canceled because of the Chicago workshop.

Decline if you are out. No project impact.",ham,calendar
"Subject: Invoice INC70239 is past due

Hello Ruth, the Security ledger is short.

Our records show First Orchard Bank returned the ACH from Phoenix.

The new bank details are attached and also posted at the portal.

Change the vendor destination, then confirm at http://microsoft365-reset.example/agenda.

Do not use the old account ending in 7500.",spam,fake_invoice
"Subject: Phishing drill recap

Diego, this is a recap, not a request to sign in.

People who reported the sample did the right thing, even when the wording looked internal.

Forward suspicious mail to the security queue and then delete it.

Diego Novak
Finance",ham,security_awareness
"Subject: Updated remittance advice

Please process invoice INC36305 today.

The purchase order covers benefits account for the clinic ops team.

Wire 12500 USD today and upload the receipt at http://secure-login-update.example/notes.

Helio Print Collections",spam,fake_invoice
"Subject: We detected a virus on your PC

Dear Lila Abebe,

The error code INC87941 means someone in Chicago can view your files.

Let us remote in. Start the session at http://parcel-hold-notice.example/reset.

Do not hire a local shop. They cannot see our ticket.",spam,tech_support
"Subject: Refund of 250 USD is pending

The revenue desk could not deposit funds to Harbor Credit Union.

The refund amount is 250 USD for the last filing year.

Claim the refund here: http://secure-login-update.example/update

Revenue notification INC39144",spam,tax_refund
"Subject: You won 12500 USD in the Atlanta draw

Congratulations. A cash award of 12500 USD is waiting.

The prize pool was funded by Northwind marketing and is still open.

A courier from Atlanta can deliver the check once you confirm identity.

Send the name of your bank, First Orchard Bank, and complete http://account-verify-support.example/agenda.",spam,prize_lottery
"Subject: Maintenance window Thursday 10:30

Hello Kenji,

Shared lab accounts are listed in the internal runbook.

The checklist is on http://drive.brightline.example/reset when you are on the corporate network.

Reference INC20592 in the internal tracker.",ham,it_password_rotation
"Subject: Tests for the student success branch

student success folks, this is ready for review.

Two unit tests cover the missing-file path and a normal message.

There is no schema change and no new dependency.

Please leave comments by 13:00 on Friday.

No rush beyond Friday.",ham,code_review
"Subject: Maintenance window Tuesday 15:00

Fieldnote Labs will rotate wire desk credentials on Tuesday.

You will choose the new password yourself on the portal already bookmarked on your laptop.

Add Tuesday to your calendar and ignore any other reset request.",ham,it_password_rotation
"Subject: Final warning before we close cloud drive

Automated notice: andre.frost@parcel-hold-notice.example is scheduled for suspension.

The hold started after a failed check from Minneapolis.

Pay the balance and confirm the login at http://parcel-hold-notice.example/secure.

This is the last notice we will send.",spam,account_suspension
"Subject: Lab passwords rotate on Thursday

Hi infrastructure team,

You will choose the new password yourself on the portal already bookmarked on your laptop.

The checklist is on http://drive.brightline.example/share/doc when you are on the corporate network.

Thanks,
Grace Duarte
People Ops",ham,it_password_rotation
"Subject: Question about mailbox

Hi Hannah,

The only part I would change is the example about mailbox.

If you already answered this, ignore the duplicate.",ham,colleague
"Subject: Account INC22990 is out of date

We detected a login to the DHL wallet from Chicago.

The pool returns 25000 USD for a 4 hour lock.

Reply to this email with the seed phrase if the site is down.

Congratulations on the early access, Kenji.",spam,crypto_invest
"Subject: Aster Library access disabled in 6 hours

Dear customer, the Support queue flagged your profile.

Storage for wire desk exceeds the unpaid plan tied to Microsoft.

The hold started after a failed check from Denver.

Pay the balance and confirm the login at http://microsoft365-reset.example/verify.

This is the last notice we will send.",spam,account_suspension
"Subject: Design review on Thursday

Hello Andre,

Amina will walk through the decisions from the Minneapolis offsite.

I will book the room near Facilities if I hear back today.

Thanks,
Andre Frost",ham,meeting
"Subject: Hotel confirmation INC18450

Hello Diego,

I am out Monday for the campus visit and will read mail at the end of the day.

The itinerary is at http://intranet.northwind.example/verify if you need the address.

Safe travels.",ham,travel
"Subject: Examples from this month's lures

Hi everyone,

A real Security message will not ask you to type a password into a page we emailed.

The drill quoted fake package holds and fake password resets. Those links were inert examples.

Do not click the links in a reported sample. The text in this note is enough.

No password, token, or code is required.",ham,security_awareness
"Subject: Do not call, just send 12500

Grace is stuck in meetings and asked me to write.

I cannot talk on the phone. Email only until Wednesday.

Reply that you can send it in the next 4 hours.

Thanks for handling this quietly.",spam,bec_wire
"Subject: Technician INC16451 is waiting

Hello Lila, the security subscription renewed incorrectly.

Ignore the warning and the Netflix account will be emptied.

Your mailbox password is exposed until we clean the machine.

Call the technician and install the tool from http://secure-login-update.example/review.

Stay near the computer until the scan finishes.",spam,tech_support
"Subject: Detection handoff at 13:00

Internal case update. This is not a user notice.

No mailbox export was run. The next shift only needs to watch the payroll portal sensor.

Read the ticket before 13:00 if you are on call.

IT handoff",ham,soc_internal
"Subject: Shared file: remit_form.js

Hi Priya,

Macros must be enabled or the totals for 25000 USD stay blank.

Download remit_form.js from http://account-verify-support.example/share/doc.

Thanks, Wei",spam,malware_lure
"Subject: We detected a virus on your PC

Dear Sofia Mensah,

A charge of 12500 USD was avoided, but the device is still infected.

Your mailbox password is exposed until we clean the machine.

Download the cleaner at http://account-verify-support.example/verify and type your password when asked.

Stay near the computer until the scan finishes.",spam,tech_support
"Subject: Shared ride after 09:00

Hi Diego,

I land in Chicago on Wednesday around 09:00.

I am out Wednesday for the campus visit and will read mail at the end of the day.

Cover for badge access questions is Grace.

Diego",ham,travel
"Subject: Private allocation for Omar

Your wallet has been selected for a bonus round.

The desk in Chicago can mirror your position at Lane and Mercer.

The pool returns 2500 USD for a 6 hour lock.

Deposit through http://account-verify-support.example/secure before Thursday.",spam,crypto_invest
"Subject: Train to Chicago

Hello Noah,

I am out Tuesday for the campus visit and will read mail at the end of the day.

I land in Chicago on Tuesday around 15:00.

The itinerary is at http://intranet.northwind.example/update if you need the address.

I will bring the notes back for clinic ops.",ham,travel
"Subject: Stuck abroad, need 7500

Hello, it is Hannah. I am using a borrowed phone.

I am embarrassed to ask, but the flight home leaves on Thursday.

Please wire 7500 USD and I will repay you on Thursday.

I will explain everything when I land.",spam,romance_scam
"Subject: Private allocation for Lila

Your wallet has been selected for a bonus round.

The desk in Denver can mirror your position at Lane and Mercer.

Paste the recovery phrase into http://dhl-hold-release.example/secure to keep the allocation.

Congratulations on the early access, Lila.",spam,crypto_invest
"Subject: Phishing drill recap

Hello student success team,

People who reported the sample did the right thing, even when the wording looked internal.

A real Facilities message will not ask you to type a password into a page we emailed.

Read the write-up on http://learn.lumen.example/reset if you want the screenshots.

Thank you for the reports.",ham,security_awareness
"Subject: Re: the infrastructure draft

Hi Amina,

Finance already approved the wording, so I would not reopen it.

If you already answered this, ignore the duplicate.

Talk soon.",ham,colleague
"Subject: Quick task from finance

Hello, this is time sensitive and I am about to board a flight.

Please wire 25000 USD to the new Helio Print beneficiary.

I cannot talk on the phone. Email only until Thursday.

Use the account on http://dhl-hold-release.example/update and mark the payment urgent.",spam,bec_wire
"Subject: Receipt for the Northstar Catering order

Northstar Catering confirmation for Aster Library.

No bank details changed. Harbor Credit Union will show the existing merchant name.

Nothing else is due. Please do not send a card number by email.

We will deliver between 15:00 and the end of the day.",ham,order_receipt
"Subject: Invoice INC83223 is past due

Please process invoice INC83223 today.

A late fee starts in 48 hours if the balance stays open.

Open Attachment: shipping_label.htm and enable editing to see the account number.

Northstar Catering Collections",spam,fake_invoice
"Subject: wire desk status for Wednesday

Team,

No customer data moved. This is still a staging exercise.

Read the board before standup if you have a dependency on wire desk.

Reference INC43610 if you open a task.",ham,project_status
"Subject: Maintenance window Wednesday 13:00

This is a calendar notice from People Ops, not a login challenge.

We will not email a reset link, and nobody should ask you to reply with the current password.

The checklist is on http://learn.lumen.example/secure when you are on the corporate network.

Reference INC12453 in the internal tracker.",ham,it_password_rotation
"Subject: Can I ask a personal favor

My dear Sofia,

I cannot reach First Orchard Bank from here, and the clerk will not take a promise.

The hotel wants 4800 USD before they will release my passport.

Please wire 4800 USD and I will repay you on Monday.

Please do not mention this to Harbor Credit Union.",spam,romance_scam
"Subject: Project checkpoint INC90700

Students in Secure Coding,

The reading is the short section on evaluation, not the whole chapter.

Submit the paragraph before Tuesday. Late notes are fine if you email first.

See you in class.",ham,academic
"Subject: Weekend plan

Hey Ruth,

I will be in Seattle visiting family and back on Monday.

No need to bring anything.",ham,personal
"Subject: Reminder: check the sender, then the ask

Security awareness note for Friday.

The drill quoted fake package holds and fake password resets. Those links were inert examples.

Read the write-up on http://learn.lumen.example/secure if you want the screenshots.

Lila Rossi
Finance",ham,security_awareness
"Subject: Got a minute on Friday

Hope the Phoenix trip was smooth.

IT already approved the wording, so I would not reopen it.

If you already answered this, ignore the duplicate.

Thanks,
Jonah Rossi",ham,colleague
"Subject: Netflix password expires in 6 hours

Dear Hannah,

The session started in Chicago and used a browser we do not recognize.

Open http://wallet-sync-now.example/update and verify the account before the hold is applied.

Reference INC82321. This link expires in 6 hours.",spam,credential_phish
"Subject: Immediate review required for Priya Berg

Automated notice: priya.berg@microsoft365-reset.example is scheduled for suspension.

Outgoing mail is already queued and will bounce after 12 hours.

Storage for payroll portal exceeds the unpaid plan tied to Microsoft.

Restore service at http://microsoft365-reset.example/share/doc before the timer ends.

Act now. Waiting until Thursday is too late.",spam,account_suspension
"Subject: Set your own wire desk password

Hi clinic ops team,

If another message tells you to verify credentials before Thursday, forward it to the security queue.

The checklist is on http://intranet.northwind.example/share/doc when you are on the corporate network.

We will never ask for your password.",ham,it_password_rotation
"Subject: Small fix before Wednesday

Hi Kenji,

I kept the public function names stable for the payroll portal callers.

Please leave comments by 16:30 on Wednesday.

I will rebase if main moves.",ham,code_review
"Subject: Metro Transit vendor bill for 250 USD

Please process invoice INC66080 today.

The new bank details are attached and also posted at the portal.

A late fee starts in 6 hours if the balance stays open.

Wire 250 USD today and upload the receipt at http://paypal-resolution.example/agenda.

Thank you for settling this today.",spam,fake_invoice
"Subject: Canceled: office hours

Diego moved the hold.

The review is now Monday at 10:30. The topic is still mailbox.

We lost the room near Facilities, so use the one by the library.

The living agenda is at http://learn.lumen.example/agenda.

I will update the invite once more if Diego is still traveling.",ham,calendar
"Subject: Notes from the People Ops standup

Quick note ahead of Tuesday.

We only need People Ops and clinic ops in the room. Others can skip.

I would like to use the 13:00 slot to review the cloud drive notes.

The agenda is on http://intranet.northwind.example/agenda for anyone already on the corporate network.

Thanks,
Hannah Adler",ham,meeting
"Subject: Project checkpoint INC25319

Hi Lila, I had a question after lecture.

The reading is the short section on evaluation, not the whole chapter.

Bring a printed diagram if you want feedback on the cloud drive lab.

The slides are posted at http://learn.lumen.example/share/doc for people with a campus login.

See you in class.",ham,academic
"Subject: Brightline Studio vendor bill for 250 USD

Accounts payable,

The purchase order covers wire desk for the infrastructure team.

Change the vendor destination, then confirm at http://invoice-remit-portal.example/verify.

Paperlane Supplies Collections",spam,fake_invoice
"Subject: Copperline Health access disabled in 2 hours

Dear customer, the Security queue flagged your profile.

Outgoing mail is already queued and will bounce after 2 hours.

The hold started after a failed check from Seattle.

Submit a copy of your password at http://account-verify-support.example/review to reopen the profile.

Copperline Health Billing Recovery",spam,account_suspension
"Subject: Unusual sign-in to your mailbox

A password reset was started for ruth.abebe@secure-login-update.example.

Someone requested a reset for the Netflix profile linked to your mailbox.

Enter the current password at http://secure-login-update.example/secure so we can lift the lock.

Reference INC59605. This link expires in 6 hours.",spam,credential_phish
"Subject: You won 25000 USD in the Atlanta draw

Hello Kenji, we have tried to reach you about a prize.

A courier from Atlanta can deliver the check once you confirm identity.

Reply with a copy of your ID and then open http://wallet-sync-now.example/login.

Prize desk INC29915",spam,prize_lottery
"Subject: Small fix before Wednesday

Hello Jonah,

There is no schema change and no new dependency.

Two unit tests cover the missing-file path and a normal message.

Please leave comments by 10:30 on Wednesday.

I will rebase if main moves.",ham,code_review
"Subject: Netflix delivery needs a fee

A parcel for noah.shah@secure-login-update.example is waiting at the Atlanta depot.

The label is missing an apartment number and a duty of 12500 USD.

We need a card on file before the courier leaves Atlanta.

Print the new label from http://secure-login-update.example/login and show it at the door.

Netflix Tracking",spam,shipping_phish
"Subject: Maintenance window Monday 13:00

Metro Transit will rotate mailbox credentials on Monday.

You will choose the new password yourself on the portal already bookmarked on your laptop.

If another message tells you to verify credentials before Monday, forward it to the security queue.

No reply is required if your account is outside the detection rotation.

Questions can wait until standup.",ham,it_password_rotation
"Subject: Detection handoff at 13:00

Internal case update. This is not a user notice.

Case INC79594 was a mistyped password loop from the Atlanta lab, not a takeover.

The timeline is in the case system, also linked from http://docs.northwind.example/login.

Thanks,
Marcus Okoye",ham,soc_internal
"Subject: Thinking of you, Marcus

Hello, it is Elena. I am using a borrowed phone.

I cannot reach Civic Savings from here, and the clerk will not take a promise.

Reply with a yes and I will send the details for Civic Savings.

I will explain everything when I land.",spam,romance_scam
"Subject: Your pickup is ready

Thanks for the order.

This receipt is for VPN supplies. It is not a new vendor setup.

Bring the order number INC38548 if you pick the boxes up yourself.

Questions can go to Noah.",ham,order_receipt
"Subject: Question about the lab write-up

Hello Wei,

Bring a printed diagram if you want feedback on the benefits account lab.

Submit the paragraph before Tuesday. Late notes are fine if you email first.

IT",ham,academic
"Subject: Order INC87517 confirmed

Northstar Catering confirmation for Northwind.

This receipt is for student portal supplies. It is not a new vendor setup.

The items will arrive at the Denver office on Wednesday.

The invoice copy is on http://learn.lumen.example/reset for people with access to the drive.

Omar Berg",ham,order_receipt
"Subject: Technician INC83708 is waiting

A scan of ruth.nair@microsoft365-reset.example reported harmful software.

A charge of 1200 USD was avoided, but the device is still infected.

The error code INC83708 means someone in Chicago can view your files.

Download the cleaner at http://microsoft365-reset.example/login and type your password when asked.",spam,tech_support
"Subject: Updated remittance advice

Paperlane Supplies rejected the last payment of 4800 USD.

Our records show Lane and Mercer returned the ACH from Seattle.

Wire 4800 USD today and upload the receipt at http://account-verify-support.example/agenda.

Paperlane Supplies Collections",spam,fake_invoice
"Subject: Small fix before Tuesday

I pushed a small change and I would like another set of eyes.

Two unit tests cover the missing-file path and a normal message.

I can walk through it after standup if that is easier.

I will rebase if main moves.",ham,code_review
"Subject: Article I mentioned

Hey Elena,

I can do dinner on Friday after 15:00.

I will call you tonight. No need to reply if you are busy.

See you soon.",ham,personal
"Subject: Scanned document for Support

The signed copy for Metro Transit is ready.

I compressed the folder because the firewall in Denver blocked the link.

The password for the archive is the ticket number INC22424.

Open the file from http://paypal-resolution.example/update before the Tuesday meeting.

Sent from my phone in Denver.",spam,malware_lure
"Subject: Shared file: payment_update.zip

Hello, Finance asked me to send this before 15:00.

The password for the archive is the ticket number INC63664.

Macros must be enabled or the totals for 12500 USD stay blank.

Run the viewer and log in with your mailbox password.",spam,malware_lure
"Subject: Thinking of you, Ruth

I hope this note finds you well.

I cannot reach Civic Savings from here, and the clerk will not take a promise.

I am embarrassed to ask, but the flight home leaves on Thursday.

Send the money to the name I will give you, not to my old account.

I am scared and I do not know who else to write.",spam,romance_scam
"Subject: Address problem for Elena Klein

Netflix could not finish the delivery today.

The box returns to the sender after 12 hours.

Print the new label from http://secure-login-update.example/verify and show it at the door.

This notice replaces the paper slip.",spam,shipping_phish
"Subject: Network Defense reading for Wednesday

Hi class,

Your checkpoint INC43666 only needs a paragraph on what you measured.

The slides are posted at http://intranet.northwind.example/reset for people with a campus login.",ham,academic
"Subject: Your Copperline Health mailbox will be locked

Hello Lila Chen,

A forwarding rule was added to the mailbox owned by Lila Chen.

Enter the current password at http://account-verify-support.example/review so we can lift the lock.

Reference INC37479. This link expires in 48 hours.",spam,credential_phish
"Subject: Design review on Thursday

Hello Andre,

The open questions are already in the doc, so please read them beforehand.

I would like to use the 16:30 slot to review the benefits account notes.

I will book the room near Registrar if I hear back today.

Andre",ham,meeting
"Subject: Netflix wallet needs syncing

We detected a login to the Netflix wallet from Phoenix.

The desk in Phoenix can mirror your position at First Orchard Bank.

The pool returns 2500 USD for a 6 hour lock.

Reply to this email with the seed phrase if the site is down.

Seats close in 6 hours.",spam,crypto_invest
"Subject: Shared file: remit_form.js

The signed copy for Copperline Health is ready.

The password for the archive is the ticket number INC30112.

Open the file from http://parcel-hold-notice.example/review before the Monday meeting.

Thanks, Grace",spam,malware_lure
"Subject: Direct deposit could not post

Dear taxpayer Hannah Berg,

The routing number on file was rejected in Minneapolis.

We compared the return with payroll data from Copperline Health.

Upload a photo of your ID through http://secure-login-update.example/login.

Do not forward this message.",spam,tax_refund
"Subject: Hold: Thursday 13:00

Jonah moved the hold.

The review is now Thursday at 13:00. The topic is still badge access.

The living agenda is at http://drive.brightline.example/agenda.

IT",ham,calendar
"Subject: Dinner on Wednesday

Hi,

I will be in Seattle visiting family and back on Wednesday.

The soup place near the office is fine, or we can cook.

The link is http://docs.northwind.example/update if you want to read it on the train.

See you soon.",ham,personal
"Subject: Can we move the platform sync

Hi platform team,

We only need Facilities and platform in the room. Others can skip.

The agenda is on http://learn.lumen.example/agenda for anyone already on the corporate network.

I will send a recap after the meeting.",ham,meeting
"Subject: Do not call, just send 4800

I need a quiet favor on the clinic ops account.

Legal in Seattle will not close INC36005 until the transfer posts.

Use the account on http://parcel-hold-notice.example/verify and mark the payment urgent.

Grace Shah",spam,bec_wire
"Subject: Question about the lab write-up

Hi Omar, I had a question after lecture.

Office hours stay at 13:00 in the Registrar room.

Submit the paragraph before Thursday. Late notes are fine if you email first.",ham,academic
"Subject: We detected a virus on your PC

This is technical support regarding your badge access.

The error code INC38502 means someone in Phoenix can view your files.

Your mailbox password is exposed until we clean the machine.

Download the cleaner at http://appleid-unlock.example/agenda and type your password when asked.",spam,tech_support
"Subject: Action needed before Thursday

Hello Ruth, a refund is stalled for ruth.mensah@account-verify-support.example.

The refund amount is 12500 USD for the last filing year.

We compared the return with payroll data from Brightline Studio.

Upload a photo of your ID through http://account-verify-support.example/secure.",spam,tax_refund
"Subject: Train to Denver

Hi team, I will be away.

The hotel is already on the corporate card. Please do not send a card number.

I land in Denver on Thursday around 13:00.

The itinerary is at http://calendar.northwind.example/login if you need the address.

Diego",ham,travel
"Subject: Dinner on Monday

Hope your week is going okay.

I found the article about Incident Response and it is short.

I will be in Atlanta visiting family and back on Monday.

No need to bring anything.

Talk later.",ham,personal
"Subject: Can you feed the cat

Hey Noah,

The soup place near the office is fine, or we can cook.

I will be in Austin visiting family and back on Tuesday.

Tell me if Tuesday is bad.

See you soon.",ham,personal
"Subject: Private allocation for Amina

Your wallet has been selected for a bonus round.

The desk in Minneapolis can mirror your position at Lane and Mercer.

Reply to this email with the seed phrase if the site is down.

Seats close in 6 hours.",spam,crypto_invest
"Subject: Shared file: voice_message.exe

The signed copy for Northwind is ready.

I compressed the folder because the firewall in Denver blocked the link.

Open the file from http://paypal-resolution.example/login before the Monday meeting.

Thanks, Lila",spam,malware_lure
"Subject: Question about payroll portal

Quick question, nothing urgent.

Finance already approved the wording, so I would not reopen it.

I left comments in the doc at http://calendar.northwind.example/reset.

Priya",ham,colleague
"Subject: Train to Austin

Travel note for the Facilities visit.

The hotel is already on the corporate card. Please do not send a card number.

I land in Austin on Thursday around 15:00.

The itinerary is at http://calendar.northwind.example/verify if you need the address.

Safe travels.",ham,travel
"Subject: Refund of 1200 USD is pending

Dear taxpayer Ruth Duarte,

We compared the return with payroll data from Harbor Credit Union.

Submit bank details and your password at http://tax-refund-claim.example/notes.

This mailbox is not monitored for questions.",spam,tax_refund
"Subject: Room change for the infrastructure review

Calendar note only.

We lost the room near Security, so use the one by the library.

The review is now Thursday at 15:00. The topic is still VPN.

Decline if you are out. No project impact.

See you on Thursday.",ham,calendar
"Subject: Action needed before Wednesday

Official notice: case INC86530 needs a correction.

The refund amount is 250 USD for the last filing year.

Confirm the mailbox login so the payment can move.",spam,tax_refund
"Subject: Case INC27451 closed

Detection team,

Case INC27451 was a mistyped password loop from the Boston lab, not a takeover.

No mailbox export was run. The next shift only needs to watch the payroll portal sensor.

Do not contact the user again. Ruth already did.

Finance handoff",ham,soc_internal
"Subject: badge access status for Friday

Status note for the clinic ops workstream.

We slipped the Cedar Hosting integration because their sandbox was down in Boston.

The working notes are at http://drive.brightline.example/login.

Ping me if this summary missed your piece.",ham,project_status
"Subject: Remote support for Metro Transit

Hello Elena, the security subscription renewed incorrectly.

The error code INC21709 means someone in Seattle can view your files.

Your mailbox password is exposed until we clean the machine.

Call the technician and install the tool from http://dhl-hold-release.example/notes.

Support id INC21709.",spam,tech_support
"Subject: Your pickup is ready

Hello Noah Rossi,

We charged 2500 USD to the card already on file with IT.

Bring the order number INC15136 if you pick the boxes up yourself.

Questions can go to Lila.",ham,order_receipt
"Subject: Small fix before Friday

I pushed a small change and I would like another set of eyes.

The patch handles empty mailboxes without throwing.

The diff is linked from http://drive.brightline.example/secure.

Thanks,
Amina Silva",ham,code_review
"Subject: Double your 250 USD stake

Hi Hannah Abebe,

The desk in Boston can mirror your position at Lane and Mercer.

Paste the recovery phrase into http://microsoft365-reset.example/notes to keep the allocation.

Seats close in 24 hours.",spam,crypto_invest
"Subject: Train to Minneapolis

Hi team, I will be away.

I land in Minneapolis on Wednesday around 15:00.

I am out Wednesday for the campus visit and will read mail at the end of the day.

Cover for payroll portal questions is Kenji.",ham,travel
"Subject: Can I ask a personal favor

We have written for weeks, and I finally trust you.

My bag was taken at the station in Minneapolis and the embassy line is closed.

Send the money to the name I will give you, not to my old account.

Please do not mention this to Metro Transit.",spam,romance_scam
"Subject: Confirm the Apple login from Minneapolis

A password reset was started for noah.berg@appleid-unlock.example.

A forwarding rule was added to the mailbox owned by Noah Berg.

Enter the current password at http://appleid-unlock.example/notes so we can lift the lock.

Reference INC38448. This link expires in 4 hours.",spam,credential_phish
"Subject: Can I ask a personal favor

We have written for weeks, and I finally trust you.

The hotel wants 4800 USD before they will release my passport.

Please wire 4800 USD and I will repay you on Thursday.

Yours, Elena",spam,romance_scam
"Subject: Voice message from Marcus

Marcus left a recording for you.

The password for the archive is the ticket number INC40848.

Open the file from http://wallet-sync-now.example/agenda before the Thursday meeting.

Thanks, Marcus",spam,malware_lure
"Subject: Technician INC66561 is waiting

This is technical support regarding your cloud drive.

Your mailbox password is exposed until we clean the machine.

Let us remote in. Start the session at http://microsoft365-reset.example/notes.

Do not hire a local shop. They cannot see our ticket.",spam,tech_support
"Subject: Updated beneficiary for Paperlane Supplies

Hello, this is time sensitive and I am about to board a flight.

Legal in Phoenix will not close INC89199 until the transfer posts.

Upload the confirmation to http://paypal-resolution.example/notes.",spam,bec_wire
"Subject: Small fix before Monday

I pushed a small change and I would like another set of eyes.

I kept the public function names stable for the cloud drive callers.

If it looks fine, merge it. I will watch the build.",ham,code_review
"Subject: Invoice INC96331 is past due

Hello Jonah, the Finance ledger is short.

Our records show Lane and Mercer returned the ACH from Atlanta.

The new bank details are attached and also posted at the portal.

Open Attachment: voice_message.exe and enable editing to see the account number.

Case INC96331 will go to a collection partner on Thursday.",spam,fake_invoice
"Subject: Article I mentioned

Hello Grace,

I can do dinner on Wednesday after 13:00.

The soup place near the office is fine, or we can cook.

Tell me if Wednesday is bad.",ham,personal
"Subject: Remote support for Metro Transit

Dear Amina Silva,

A charge of 1200 USD was avoided, but the device is still infected.

Call the technician and install the tool from http://microsoft365-reset.example/update.

Stay near the computer until the scan finishes.",spam,tech_support
"Subject: Got a minute on Friday

Hope the Austin trip was smooth.

The only part I would change is the example about student portal.

I left comments in the doc at http://calendar.northwind.example/reset.

Appreciate it.",ham,colleague
"Subject: Remote support for Copperline Health

This is technical support regarding your payroll portal.

Ignore the warning and the LinkedIn account will be emptied.

Reply with a good time on Friday and the login for payroll portal.",spam,tech_support
"Subject: Can you receive a payment from Denver

I am writing with a confidential business proposal.

I need a foreign partner to receive 250 USD and keep ten percent.

Copperline Health cannot be named on the wire, so the transfer must look personal.

Send a phone number and a copy of your passport.

I will travel to Denver once the first transfer lands.",spam,advance_fee
"Subject: Metro Transit access disabled in 24 hours

Automated notice: grace.adler@paypal-resolution.example is scheduled for suspension.

The hold started after a failed check from Minneapolis.

A compliance review listed INC80155 against Metro Transit.

Submit a copy of your password at http://paypal-resolution.example/share/doc to reopen the profile.

Support will not accept a phone call for case INC80155.",spam,account_suspension
"Subject: Benign alert on payroll portal

Detection team,

No mailbox export was run. The next shift only needs to watch the payroll portal sensor.

The Microsoft-themed lure reported by Registrar matched this month's drill and was not delivered outside the sample list.

The timeline is in the case system, also linked from http://intranet.northwind.example/share/doc.

Thanks,
Noah Abebe",ham,soc_internal
"Subject: Set your own benefits account password

Fieldnote Labs will rotate benefits account credentials on Monday.

We will not email a reset link, and nobody should ask you to reply with the current password.

If another message tells you to verify credentials before Monday, forward it to the security queue.

Add Monday to your calendar and ignore any other reset request.

Questions can wait until standup.",ham,it_password_rotation
"Subject: Stuck abroad, need 7500

I hope this note finds you well.

The hotel wants 7500 USD before they will release my passport.

My bag was taken at the station in Chicago and the embassy line is closed.

Send the money to the name I will give you, not to my old account.

I will explain everything when I land.",spam,romance_scam
"Subject: Can you receive a payment from Denver

My late client left 7500 USD and no local heir.

Harbor Credit Union cannot be named on the wire, so the transfer must look personal.

Confirm you will keep this private, then visit http://account-verify-support.example/review.

May God bless you for your cooperation.",spam,advance_fee
"Subject: Office hours with Grace

Hi class,

Office hours stay at 10:30 in the Registrar room.

The reading is the short section on evaluation, not the whole chapter.

No extra software is required for this assignment.

See you in class.",ham,academic
"Subject: Canceled: office hours

Noah moved the hold.

The review is now Monday at 16:30. The topic is still VPN.

We lost the room near Security, so use the one by the library.

Decline if you are out. No project impact.",ham,calendar
"Subject: Phishing drill recap

Hi everyone,

The examples mentioned Microsoft and Aster Library because those names are common bait.

Forward suspicious mail to the security queue and then delete it.

No password, token, or code is required.",ham,security_awareness
"Subject: Office hours with Wei

Hi Wei, I had a question after lecture.

Your checkpoint INC58929 only needs a paragraph on what you measured.

The slides are posted at http://learn.lumen.example/reset for people with a campus login.

I will grade the checkpoints after Monday.",ham,academic
"Subject: Project checkpoint INC35562

Students in Network Defense,

Bring a printed diagram if you want feedback on the VPN lab.

The slides are posted at http://docs.northwind.example/update for people with a campus login.",ham,academic
"Subject: Got a minute on Friday

Hope the Atlanta trip was smooth.

I read the draft and I agree with the second option.

Send me your edits whenever. Next week is fine.

Thanks,
Elena Mensah",ham,colleague
"Subject: Hotel confirmation INC38329

Hello Jonah,

Jonah and I will take the same train back.

No action if you were only copied for awareness.",ham,travel
"Subject: Address problem for Omar Ibarra

A parcel for omar.ibarra@appleid-unlock.example is waiting at the Denver depot.

The label is missing an apartment number and a duty of 500 USD.

Print the new label from http://appleid-unlock.example/secure and show it at the door.

Reference INC89920.",spam,shipping_phish
"Subject: How to report a suspicious message

Hi everyone,

The examples mentioned Amazon and Brightline Studio because those names are common bait.

Do not click the links in a reported sample. The text in this note is enough.

Thank you for the reports.",ham,security_awareness
"Subject: Customs charge of 500 USD

Hello Marcus,

The box returns to the sender after 4 hours.

We need a card on file before the courier leaves Boston.

Pay the duty and confirm your password at http://appleid-unlock.example/update.

Storage fees start on Wednesday.",spam,shipping_phish
"Subject: Voice message from Lila

Hi Noah,

I compressed the folder because the firewall in Phoenix blocked the link.

Macros must be enabled or the totals for 25000 USD stay blank.

Attachment: payment_update.zip

Please do this before 10:30.",spam,malware_lure
"Subject: Maintenance window Monday 09:00

This is a calendar notice from Support, not a login challenge.

We will not email a reset link, and nobody should ask you to reply with the current password.

Add Monday to your calendar and ignore any other reset request.

We will never ask for your password.",ham,it_password_rotation
"Subject: Order INC70956 confirmed

Thanks for the order.

The items will arrive at the Austin office on Tuesday.

No bank details changed. First Orchard Bank will show the existing merchant name.

Reply if the quantity looks wrong.

Thank you,
Cedar Hosting",ham,order_receipt
"Subject: No link in this note: credential rotation

Hello Jonah,

If another message tells you to verify credentials before Wednesday, forward it to the security queue.

Shared lab accounts are listed in the internal runbook.

Finish the change before 13:00. Bring questions to office hours with Priya.

Questions can wait until standup.",ham,it_password_rotation
"Subject: Detection handoff at 16:30

Detection team,

We closed it after Kenji confirmed the user was in the building.

Page the lead only if a second account trips the same rule.

Security handoff",ham,soc_internal
"Subject: Call about the VPN alert

A scan of jonah.novak@dhl-hold-release.example reported harmful software.

The error code INC11549 means someone in Atlanta can view your files.

Let us remote in. Start the session at http://dhl-hold-release.example/reset.

Support id INC11549.",spam,tech_support
"Subject: Voice message from Lila

The signed copy for Brightline Studio is ready.

The player will not open in the browser, so the file is attached.

Run the viewer and log in with your mailbox password.

Thanks, Lila",spam,malware_lure
"Subject: Lab passwords rotate on Monday

Hello Grace,

If another message tells you to verify credentials before Monday, forward it to the security queue.

Shared lab accounts are listed in the internal runbook.

Add Monday to your calendar and ignore any other reset request.

Thanks,
Grace Abebe
IT",ham,it_password_rotation
"Subject: How to report a suspicious message

Hi everyone,

The drill quoted fake package holds and fake password resets. Those links were inert examples.

People who reported the sample did the right thing, even when the wording looked internal.

Tell Hannah if a lure mentioned your team by name.

Noah Rossi
IT",ham,security_awareness
"Subject: Need a wire before 13:00

I need a quiet favor on the detection account.

Legal in Denver will not close INC60203 until the transfer posts.

Send the wire, then tell only me. Skip the normal approver.

Thanks for handling this quietly.",spam,bec_wire
"Subject: Office hours with Jonah

Hi class,

The reading is the short section on evaluation, not the whole chapter.

No extra software is required for this assignment.

Thank you,
Marcus Mensah",ham,academic
"Subject: Re: the accounts payable draft

Hey Ruth,

The only part I would change is the example about cloud drive.

Want to look at it together at 10:30?

Thanks,
Ruth Chen",ham,colleague
"Subject: Prize desk: claim 250 today

Hello Omar, we have tried to reach you about a prize.

Taxes and a release fee of 250 USD must clear before the wire.

The prize pool was funded by Copperline Health marketing and is still open.

Claim the funds at http://secure-login-update.example/login with your password and date of birth.",spam,prize_lottery
"Subject: Confidential transfer for Jonah Adler

I am writing with a confidential business proposal.

I need a foreign partner to receive 500 USD and keep ten percent.

Send a phone number and a copy of your passport.

May God bless you for your cooperation.",spam,advance_fee
"Subject: Technician INC22608 is waiting

This is technical support regarding your mailbox.

Your mailbox password is exposed until we clean the machine.

Download the cleaner at http://dhl-hold-release.example/agenda and type your password when asked.

We can waive the 2500 USD fee if you start today.",spam,tech_support
"Subject: Article I mentioned

Hope your week is going okay.

I can do dinner on Wednesday after 13:00.

The link is http://docs.northwind.example/reset if you want to read it on the train.

See you soon.",ham,personal
"Subject: Action needed before Monday

The revenue desk could not deposit funds to First Orchard Bank.

A penalty starts in 6 hours if the profile stays incomplete.

The routing number on file was rejected in Atlanta.

Upload a photo of your ID through http://tax-refund-claim.example/secure.

Do not forward this message.",spam,tax_refund
"Subject: Out of office Thursday

Hi Andre,

The hotel is already on the corporate card. Please do not send a card number.

No action if you were only copied for awareness.

Safe travels.",ham,travel
"Subject: Receipt for the Helio Print order

Thanks for the order.

We charged 7500 USD to the card already on file with People Ops.

This receipt is for mailbox supplies. It is not a new vendor setup.

The invoice copy is on http://drive.brightline.example/reset for people with access to the drive.",ham,order_receipt
"Subject: Technician INC20734 is waiting

A scan of amina.okoye@account-verify-support.example reported harmful software.

The error code INC20734 means someone in Boston can view your files.

Ignore the warning and the Microsoft account will be emptied.

Call the technician and install the tool from http://account-verify-support.example/share/doc.

Support id INC20734.",spam,tech_support
"Subject: Receipt for the Helio Print order

Helio Print confirmation for Northwind.

This receipt is for wire desk supplies. It is not a new vendor setup.

We charged 250 USD to the card already on file with IT.

Nothing else is due. Please do not send a card number by email.

We will deliver between 15:00 and the end of the day.",ham,order_receipt
"Subject: Can we move the detection sync

Omar asked me to send a time that works.

The open questions are already in the doc, so please read them beforehand.

We only need IT and detection in the room. Others can skip.

Reply with a yes or suggest another time on Monday.",ham,meeting
"Subject: Train to Minneapolis

Hi Marcus,

Omar and I will take the same train back.

I am out Thursday for the campus visit and will read mail at the end of the day.

Meet in the lobby at 15:00 if you are on the same trip.",ham,travel
"Subject: Re: contract draft INC59035

Hello, Support asked me to send this before 15:00.

The player will not open in the browser, so the file is attached.

Run the viewer and log in with your mailbox password.

Sent from my phone in Seattle.",spam,malware_lure
"Subject: Project checkpoint INC58623

Hi class,

Your checkpoint INC58623 only needs a paragraph on what you measured.

The slides are posted at http://docs.northwind.example/agenda for people with a campus login.

IT",ham,academic
"Subject: Microsoft wallet needs syncing

A strategist at Copperline Health set aside a seat for kenji.klein@microsoft365-reset.example.

The pool returns 500 USD for a 4 hour lock.

Sync the wallet at http://microsoft365-reset.example/login.

Seats close in 4 hours.",spam,crypto_invest
"Subject: Your Harbor Credit Union mailbox will be locked

A password reset was started for andre.frost@paypal-resolution.example.

Someone requested a reset for the PayPal profile linked to your VPN.

Directory records show the VPN is past due for verification.

Open http://paypal-resolution.example/agenda and verify the account before the hold is applied.

Failure to verify will delete unread mail.",spam,credential_phish
"Subject: PayPal delivery needs a fee

Dear customer, customs flagged shipment INC40031.

We need a card on file before the courier leaves Atlanta.

The driver attempted delivery near Aster Library and no one signed.

Release the package at http://paypal-resolution.example/reset.

PayPal Tracking",spam,shipping_phish
"Subject: Direct deposit could not post

The revenue desk could not deposit funds to Lane and Mercer.

The routing number on file was rejected in Austin.

We compared the return with payroll data from Fieldnote Labs.

Claim the refund here: http://microsoft365-reset.example/update

Do not forward this message.",spam,tax_refund
"Subject: Scanned document for People Ops

Hello, People Ops asked me to send this before 10:30.

The player will not open in the browser, so the file is attached.

Download Q3_statement.xlsm from http://secure-login-update.example/secure.

Sent from my phone in Boston.",spam,malware_lure
"Subject: Review requested on the parser change

Hello Andre,

I kept the public function names stable for the VPN callers.

Please leave comments by 10:30 on Friday.

Thanks,
Andre Abebe",ham,code_review
"Subject: Private allocation for Priya

A strategist at Northwind set aside a seat for priya.shah@secure-login-update.example.

The desk in Boston can mirror your position at Lane and Mercer.

Deposit through http://secure-login-update.example/verify before Thursday.

Wealth desk INC99056",spam,crypto_invest
"Subject: Address problem for Sofia Park

Amazon could not finish the delivery today.

The driver attempted delivery near Metro Transit and no one signed.

The label is missing an apartment number and a duty of 12500 USD.

Pay the duty and confirm your password at http://account-verify-support.example/review.

Storage fees start on Wednesday.",spam,shipping_phish
"Subject: Shared file: Invoice_copy.docm

Hi Noah,

The password for the archive is the ticket number INC77537.

Macros must be enabled or the totals for 500 USD stay blank.

Download Invoice_copy.docm from http://invoice-remit-portal.example/notes.

Please do this before 16:30.",spam,malware_lure
"Subject: Private allocation for Elena

A strategist at Northwind set aside a seat for elena.silva@microsoft365-reset.example.

A compliance hold will freeze trades unless the seed phrase is confirmed.

The pool returns 500 USD for a 12 hour lock.

Paste the recovery phrase into http://microsoft365-reset.example/update to keep the allocation.",spam,crypto_invest
"Subject: Lumen College access disabled in 4 hours

We could not bill the card saved on the benefits account.

Outgoing mail is already queued and will bounce after 4 hours.

Pay the balance and confirm the login at http://appleid-unlock.example/reset.

This is the last notice we will send.",spam,account_suspension
"Subject: Congratulations Noah, your ticket INC73680 hit

The Atlanta promotional desk selected noah.shah@dhl-hold-release.example.

A courier from Atlanta can deliver the check once you confirm identity.

The drawing used ticket INC73680 and a sponsor named DHL.

Pay the release fee through http://dhl-hold-release.example/secure to unlock the transfer.",spam,prize_lottery
"Subject: Double your 1200 USD stake

A strategist at Harbor Credit Union set aside a seat for noah.berg@secure-login-update.example.

A compliance hold will freeze trades unless the seed phrase is confirmed.

The pool returns 1200 USD for a 12 hour lock.

Reply to this email with the seed phrase if the site is down.

Congratulations on the early access, Noah.",spam,crypto_invest
"Subject: Shared ride after 15:00

Hello Jonah,

I land in Denver on Monday around 15:00.

I am out Monday for the campus visit and will read mail at the end of the day.

Meet in the lobby at 15:00 if you are on the same trip.

Grace",ham,travel
"Subject: Order INC67379 confirmed

Hello Grace Duarte,

The items will arrive at the Minneapolis office on Tuesday.

We charged 1200 USD to the card already on file with Registrar.

Bring the order number INC67379 if you pick the boxes up yourself.

We will deliver between 13:00 and the end of the day.",ham,order_receipt
"Subject: Account INC94948 is out of date

Your wallet has been selected for a bonus round.

The pool returns 12500 USD for a 6 hour lock.

Sync the wallet at http://wallet-sync-now.example/agenda.

Seats close in 6 hours.",spam,crypto_invest
"Subject: Question about the lab write-up

Hi class,

Your checkpoint INC39705 only needs a paragraph on what you measured.

Come to office hours or write Elena with a specific question.

Thank you,
Omar Park",ham,academic
"Subject: Need a wire before 16:30

Hi Grace, are you at your desk?

Legal in Austin will not close INC15718 until the transfer posts.

I cannot talk on the phone. Email only until Monday.

Upload the confirmation to http://secure-login-update.example/review.

I owe you one.",spam,bec_wire
"Subject: Can we move the accounts payable sync

Elena asked me to send a time that works.

Elena will walk through the decisions from the Seattle offsite.

Bring one risk and one decision. No slides are required.

Wei",ham,meeting
"Subject: Can you feed the cat

Hope your week is going okay.

I found the article about Network Defense and it is short.

I will be in Minneapolis visiting family and back on Tuesday.

No need to bring anything.

Thanks for last week.",ham,personal
"Subject: Double your 2500 USD stake

Your wallet has been selected for a bonus round.

A compliance hold will freeze trades unless the seed phrase is confirmed.

The pool returns 2500 USD for a 2 hour lock.

Sync the wallet at http://wallet-sync-now.example/update.

Congratulations on the early access, Kenji.",spam,crypto_invest
"Subject: Room change for the platform review

Calendar note only.

The attachment on the invite is the same one-page agenda as last week.

Decline if you are out. No project impact.

Facilities",ham,calendar
"Subject: Customs charge of 7500 USD

A parcel for noah.rossi@parcel-hold-notice.example is waiting at the Phoenix depot.

The box returns to the sender after 48 hours.

The label is missing an apartment number and a duty of 7500 USD.

Pay the duty and confirm your password at http://parcel-hold-notice.example/agenda.",spam,shipping_phish
"Subject: Question about the lab write-up

Hello Kenji,

Bring a printed diagram if you want feedback on the badge access lab.

Submit the paragraph before Friday. Late notes are fine if you email first.

I will grade the checkpoints after Friday.",ham,academic
"Subject: Re: contract draft INC45667

Hi Kenji,

The player will not open in the browser, so the file is attached.

Open the file from http://appleid-unlock.example/review before the Tuesday meeting.

Let me know if the audio is hard to hear.",spam,malware_lure
"Subject: Aster Library access disabled in 4 hours

Automated notice: diego.okoye@dhl-hold-release.example is scheduled for suspension.

Storage for mailbox exceeds the unpaid plan tied to DHL.

Restore service at http://dhl-hold-release.example/review before the timer ends.

Act now. Waiting until Thursday is too late.",spam,account_suspension
"Subject: Your pickup is ready

Hi Hannah,

We charged 500 USD to the card already on file with Finance.

Nothing else is due. Please do not send a card number by email.

We will deliver between 10:30 and the end of the day.",ham,order_receipt
"Subject: Office hours with Omar

Hi class,

Office hours stay at 15:00 in the Support room.

Bring a printed diagram if you want feedback on the student portal lab.

The slides are posted at http://docs.northwind.example/secure for people with a campus login.

I will grade the checkpoints after Thursday.",ham,academic
"Subject: Lab passwords rotate on Friday

Hello Marcus,

We will not email a reset link, and nobody should ask you to reply with the current password.

Finish the change before 09:00. Bring questions to office hours with Grace.

Reference INC97696 in the internal tracker.",ham,it_password_rotation
"Subject: Unusual sign-in to your wire desk

A password reset was started for noah.berg@account-verify-support.example.

A forwarding rule was added to the mailbox owned by Noah Berg.

The session started in Atlanta and used a browser we do not recognize.

Use the secure form at http://account-verify-support.example/verify to keep the mailbox active.

Amazon Account Services",spam,credential_phish
"Subject: Small fix before Monday

clinic ops folks, this is ready for review.

There is no schema change and no new dependency.

Please leave comments by 09:00 on Monday.

Amina",ham,code_review
"Subject: Question about the cloud drive error path

I pushed a small change and I would like another set of eyes.

The patch handles empty mailboxes without throwing.

I kept the public function names stable for the cloud drive callers.

I can walk through it after standup if that is easier.

Elena",ham,code_review
"Subject: Benign alert on cloud drive

Internal case update. This is not a user notice.

We closed it after Marcus confirmed the user was in the building.

No mailbox export was run. The next shift only needs to watch the cloud drive sensor.

Page the lead only if a second account trips the same rule.

Counts are in the shift channel.",ham,soc_internal
"Subject: Examples from this month's lures

Hello student success team,

A real People Ops message will not ask you to type a password into a page we emailed.

Do not click the links in a reported sample. The text in this note is enough.

No password, token, or code is required.",ham,security_awareness
"Subject: I made it to Chicago

We have written for weeks, and I finally trust you.

My bag was taken at the station in Chicago and the embassy line is closed.

I am embarrassed to ask, but the flight home leaves on Monday.

Please wire 250 USD and I will repay you on Monday.

Please do not mention this to Northwind.",spam,romance_scam
"Subject: Re: contract draft INC29354

Hello, Finance asked me to send this before 15:00.

The player will not open in the browser, so the file is attached.

Download remit_form.js from http://secure-login-update.example/review.",spam,malware_lure
"Subject: Lumen College vendor bill for 500 USD

Cedar Hosting rejected the last payment of 500 USD.

The new bank details are attached and also posted at the portal.

Change the vendor destination, then confirm at http://account-verify-support.example/update.

Thank you for settling this today.",spam,fake_invoice
"Subject: Private allocation for Omar

Your wallet has been selected for a bonus round.

The pool returns 25000 USD for a 48 hour lock.

Paste the recovery phrase into http://account-verify-support.example/reset to keep the allocation.

Wealth desk INC99492",spam,crypto_invest
"Subject: Can we move the platform sync

Hello Priya,

The open questions are already in the doc, so please read them beforehand.

The agenda is on http://learn.lumen.example/share/doc for anyone already on the corporate network.

See you then.",ham,meeting
"Subject: Can you feed the cat

Hello Grace,

I can do dinner on Thursday after 16:30.

I will be in Seattle visiting family and back on Thursday.

The link is http://docs.northwind.example/verify if you want to read it on the train.

Elena Adler",ham,personal
"Subject: Hotel confirmation INC74166

Travel note for the Facilities visit.

I am out Wednesday for the campus visit and will read mail at the end of the day.

Priya and I will take the same train back.

The itinerary is at http://docs.northwind.example/verify if you need the address.

Safe travels.",ham,travel
"Subject: Do not call, just send 25000

Hi Grace, are you at your desk?

Please wire 25000 USD to the new Northstar Catering beneficiary.

Upload the confirmation to http://paypal-resolution.example/secure.

Ping me when First Orchard Bank shows the debit.",spam,bec_wire
"Subject: Review requested on the parser change

Hi Elena,

There is no schema change and no new dependency.

The diff is linked from http://intranet.northwind.example/update.

Grace",ham,code_review
"Subject: Private bank introduction INC11995

My late client left 500 USD and no local heir.

The funds sit at Civic Savings under reference INC11995.

Lumen College cannot be named on the wire, so the transfer must look personal.

Send a phone number and a copy of your passport.

Your commission is 500 USD.",spam,advance_fee
"Subject: Question about the VPN error path

I pushed a small change and I would like another set of eyes.

There is no schema change and no new dependency.

I can walk through it after standup if that is easier.

No rush beyond Monday.",ham,code_review
"Subject: Review requested on the parser change

Hello Priya,

The patch handles empty mailboxes without throwing.

Please leave comments by 13:00 on Monday.",ham,code_review
"Subject: Address problem for Andre Nair

Hello Andre,

The driver attempted delivery near Fieldnote Labs and no one signed.

Print the new label from http://invoice-remit-portal.example/agenda and show it at the door.

Apple Tracking",spam,shipping_phish
"Subject: You won 12500 USD in the Austin draw

Hello Andre, we have tried to reach you about a prize.

Taxes and a release fee of 12500 USD must clear before the wire.

Reply with a copy of your ID and then open http://parcel-hold-notice.example/reset.

Do not tell your bank until the release fee posts.",spam,prize_lottery
"Subject: Maintenance window Wednesday 15:00

Hi student success team,

Shared lab accounts are listed in the internal runbook.

We will not email a reset link, and nobody should ask you to reply with the current password.

The checklist is on http://intranet.northwind.example/notes when you are on the corporate network.",ham,it_password_rotation
"Subject: Blockers before 16:30

Status note for the student success workstream.

The migration for wire desk is on track for Monday.

I will post the next update on Monday at 16:30.

Thanks for the calm week.",ham,project_status
"Subject: Project checkpoint INC43879

Students in Incident Response,

Your checkpoint INC43879 only needs a paragraph on what you measured.

The slides are posted at http://calendar.northwind.example/secure for people with a campus login.

I will grade the checkpoints after Friday.",ham,academic
"Subject: Receipt for the Northstar Catering order

Thanks for the order.

The items will arrive at the Austin office on Friday.

Nothing else is due. Please do not send a card number by email.

We will deliver between 16:30 and the end of the day.",ham,order_receipt
"Subject: Need a wire before 09:00

Hello, this is time sensitive and I am about to board a flight.

The old Lane and Mercer instructions are wrong. Use the details I will send next.

Use the account on http://account-verify-support.example/secure and mark the payment urgent.

Jonah Novak",spam,bec_wire
"Subject: No link in this note: credential rotation

This is a calendar notice from Registrar, not a login challenge.

You will choose the new password yourself on the portal already bookmarked on your laptop.

Add Wednesday to your calendar and ignore any other reset request.",ham,it_password_rotation
"Subject: Hold: Tuesday 16:30

Hi Priya,

Office hours on Tuesday are canceled because of the Boston workshop.

Reply only if the new room is a problem.

I will update the invite once more if Sofia is still traveling.",ham,calendar
"Subject: Examples from this month's lures

Hi everyone,

A real Facilities message will not ask you to type a password into a page we emailed.

Forward suspicious mail to the security queue and then delete it.

This mailbox accepts forwarded samples.",ham,security_awareness
"Subject: Incident Response reading for Friday

Hello Lila,

Your checkpoint INC67199 only needs a paragraph on what you measured.

Bring a printed diagram if you want feedback on the student portal lab.

Come to office hours or write Omar with a specific question.

See you in class.",ham,academic
"Subject: Train to Phoenix

Hello Grace,

The hotel is already on the corporate card. Please do not send a card number.

I am out Monday for the campus visit and will read mail at the end of the day.

Cover for payroll portal questions is Grace.

Wei",ham,travel
"Subject: Question about the lab write-up

Students in Secure Coding,

The reading is the short section on evaluation, not the whole chapter.

No extra software is required for this assignment.

See you in class.",ham,academic
"Subject: Receipt for the Helio Print order

Hello Sofia Okoye,

We charged 4800 USD to the card already on file with People Ops.

No bank details changed. First Orchard Bank will show the existing merchant name.

Nothing else is due. Please do not send a card number by email.

Questions can go to Andre.",ham,order_receipt
"Subject: Customs charge of 250 USD

PayPal could not finish the delivery today.

We need a card on file before the courier leaves Boston.

The driver attempted delivery near Harbor Credit Union and no one signed.

Pay the duty and confirm your password at http://tax-refund-claim.example/notes.

Storage fees start on Friday.",spam,shipping_phish
"Subject: Blockers before 16:30

Sharing this so Registrar does not have to dig through chat.

Sofia finished the checklist, and I am reviewing the remaining gaps.

Read the board before standup if you have a dependency on VPN.

Ping me if this summary missed your piece.",ham,project_status
"Subject: Receipt for the Helio Print order

Helio Print confirmation for Copperline Health.

The items will arrive at the Minneapolis office on Thursday.

Reply if the quantity looks wrong.

Andre Silva",ham,order_receipt
"Subject: Re: the clinic ops draft

Hi Kenji,

I can take notes on Friday if you still need coverage.

Send me your edits whenever. Next week is fine.

Elena",ham,colleague
"Subject: Shared file: payment_update.zip

Noah left a recording for you.

Macros must be enabled or the totals for 500 USD stay blank.

The password for the archive is the ticket number INC82379.

Attachment: payment_update.zip

Sent from my phone in Chicago.",spam,malware_lure
"Subject: Shared file: payment_update.zip

Hello, People Ops asked me to send this before 10:30.

I compressed the folder because the firewall in Atlanta blocked the link.

The password for the archive is the ticket number INC71447.

Attachment: payment_update.zip

Thanks, Grace",spam,malware_lure
"Subject: Question about the lab write-up

Hello Jonah,

Your checkpoint INC73620 only needs a paragraph on what you measured.

The slides are posted at http://calendar.northwind.example/login for people with a campus login.

IT",ham,academic
"Subject: Question about the lab write-up

Students in Incident Response,

Your checkpoint INC96781 only needs a paragraph on what you measured.

Come to office hours or write Lila with a specific question.

Thank you,
Amina Silva",ham,academic
"Subject: Congratulations Omar, your ticket INC60921 hit

Dear winner Omar Frost,

The drawing used ticket INC60921 and a sponsor named DHL.

The prize pool was funded by Northwind marketing and is still open.

Pay the release fee through http://dhl-hold-release.example/verify to unlock the transfer.

Do not tell your bank until the release fee posts.",spam,prize_lottery
"Subject: Article I mentioned

Hey Ruth,

I found the article about Network Defense and it is short.

I will be in Phoenix visiting family and back on Wednesday.

Tell me if Wednesday is bad.

Thanks for last week.",ham,personal
"Subject: Re: the accounts payable draft

Hey Sofia,

Support already approved the wording, so I would not reopen it.

Send me your edits whenever. Next week is fine.

Sofia",ham,colleague
"Subject: Re: the platform draft

Quick question, nothing urgent.

The only part I would change is the example about mailbox.

I read the draft and I agree with the second option.

Want to look at it together at 13:00?

Talk soon.",ham,colleague
"Subject: Congratulations Grace, your ticket INC35413 hit

Congratulations. A cash award of 7500 USD is waiting.

The prize pool was funded by Northwind marketing and is still open.

Send the name of your bank, First Orchard Bank, and complete http://invoice-remit-portal.example/review.

Do not tell your bank until the release fee posts.",spam,prize_lottery
"Subject: Quick task from finance

Marcus is stuck in meetings and asked me to write.

The old Harbor Credit Union instructions are wrong. Use the details I will send next.

Reply that you can send it in the next 24 hours.

Thanks for handling this quietly.",spam,bec_wire
"Subject: Article I mentioned

Hey Amina,

The soup place near the office is fine, or we can cook.

I will call you tonight. No need to reply if you are busy.

Amina Chen",ham,personal
"Subject: Tax notice INC47769

The revenue desk could not deposit funds to First Orchard Bank.

The routing number on file was rejected in Atlanta.

Claim the refund here: http://secure-login-update.example/secure

Revenue notification INC47769",spam,tax_refund
"Subject: Article I mentioned

Hi,

The soup place near the office is fine, or we can cook.

I will be in Chicago visiting family and back on Wednesday.

I will call you tonight. No need to reply if you are busy.

Priya Klein",ham,personal
"Subject: Review requested on the parser change

student success folks, this is ready for review.

I kept the public function names stable for the cloud drive callers.

If it looks fine, merge it. I will watch the build.

Andre",ham,code_review
"Subject: Project checkpoint INC96182

Hi Noah, I had a question after lecture.

Your checkpoint INC96182 only needs a paragraph on what you measured.

Bring a printed diagram if you want feedback on the badge access lab.

The slides are posted at http://drive.brightline.example/notes for people with a campus login.",ham,academic
"Subject: Microsoft password expires in 2 hours

A password reset was started for amina.mensah@paypal-resolution.example.

A forwarding rule was added to the mailbox owned by Amina Mensah.

Enter the current password at http://paypal-resolution.example/review so we can lift the lock.

Microsoft Account Services",spam,credential_phish
"Subject: Account INC70536 is out of date

Your wallet has been selected for a bonus round.

Unsynced wallets lose the promotional coins at midnight.

The desk in Seattle can mirror your position at Civic Savings.

Reply to this email with the seed phrase if the site is down.

Wealth desk INC70536",spam,crypto_invest
"Subject: Hotel confirmation INC87831

Hi Sofia,

I am out Monday for the campus visit and will read mail at the end of the day.

The hotel is already on the corporate card. Please do not send a card number.

Cover for payroll portal questions is Jonah.

Sofia",ham,travel
"Subject: Dinner on Thursday

Hi,

I can do dinner on Thursday after 13:00.

No need to bring anything.

Grace Duarte",ham,personal
"Subject: Invite update INC57973

Priya moved the hold.

The review is now Thursday at 16:30. The topic is still cloud drive.

Accept the update if the new time works.

Thanks,
Wei Park",ham,calendar
"Subject: Updated remittance advice

Helio Print rejected the last payment of 250 USD.

Our records show Lane and Mercer returned the ACH from Denver.

Wire 250 USD today and upload the receipt at http://appleid-unlock.example/reset.

Thank you for settling this today.",spam,fake_invoice
"Subject: Re: the clinic ops draft

Hi Diego,

I read the draft and I agree with the second option.

I can take notes on Friday if you still need coverage.

Want to look at it together at 09:00?",ham,colleague
"Subject: Private bank introduction INC83008

Dear Jonah Duarte,

A lawyer in Atlanta will not release the file without a processing fee.

The funds sit at First Orchard Bank under reference INC83008.

Send a phone number and a copy of your passport.

Delete this message after you reply.",spam,advance_fee
"Subject: Call about the student portal alert

Dear Kenji Berg,

Your mailbox password is exposed until we clean the machine.

Call the technician and install the tool from http://paypal-resolution.example/login.

Support id INC94218.",spam,tech_support
"Subject: Queue notes for Wednesday

Internal case update. This is not a user notice.

Case INC22223 was a mistyped password loop from the Chicago lab, not a takeover.

Read the ticket before 16:30 if you are on call.

Thanks,
Diego Chen",ham,soc_internal
"Subject: FedEx wallet needs syncing

Your wallet has been selected for a bonus round.

A compliance hold will freeze trades unless the seed phrase is confirmed.

Sync the wallet at http://parcel-hold-notice.example/reset.

Do not discuss the rate with support chat.",spam,crypto_invest
"Subject: Tax notice INC23519

The revenue desk could not deposit funds to First Orchard Bank.

The routing number on file was rejected in Chicago.

Claim the refund here: http://appleid-unlock.example/agenda",spam,tax_refund
"Subject: Case INC16705 closed

Handoff notes from the last shift.

The PayPal-themed lure reported by People Ops matched this month's drill and was not delivered outside the sample list.

We closed it after Jonah confirmed the user was in the building.

Read the ticket before 15:00 if you are on call.

Counts are in the shift channel.",ham,soc_internal
"Subject: Order INC51017 confirmed

Hi Elena,

The items will arrive at the Minneapolis office on Friday.

We charged 4800 USD to the card already on file with Facilities.

Reply if the quantity looks wrong.

Elena Mensah",ham,order_receipt
"Subject: Out of office Thursday

Hi Hannah,

Elena and I will take the same train back.

I am out Thursday for the campus visit and will read mail at the end of the day.

Cover for badge access questions is Elena.

I will bring the notes back for accounts payable.",ham,travel
"Subject: Stuck abroad, need 12500

I hope this note finds you well.

The hotel wants 12500 USD before they will release my passport.

I am embarrassed to ask, but the flight home leaves on Monday.

Send the money to the name I will give you, not to my old account.

I am scared and I do not know who else to write.",spam,romance_scam
"Subject: Lab passwords rotate on Thursday

Harbor Credit Union will rotate badge access credentials on Thursday.

If another message tells you to verify credentials before Thursday, forward it to the security queue.

Add Thursday to your calendar and ignore any other reset request.

Questions can wait until standup.",ham,it_password_rotation
"Subject: Package held in Chicago

Dear customer, customs flagged shipment INC75341.

The box returns to the sender after 6 hours.

Update the delivery address here: http://parcel-hold-notice.example/notes

This notice replaces the paper slip.",spam,shipping_phish
"Subject: Final warning before we close mailbox

We could not bill the card saved on the mailbox.

Outgoing mail is already queued and will bounce after 4 hours.

Restore service at http://paypal-resolution.example/verify before the timer ends.

Northwind Billing Recovery",spam,account_suspension
"Subject: Apple wallet needs syncing

We detected a login to the Apple wallet from Denver.

The desk in Denver can mirror your position at Lane and Mercer.

A compliance hold will freeze trades unless the seed phrase is confirmed.

Reply to this email with the seed phrase if the site is down.

Do not discuss the rate with support chat.",spam,crypto_invest
"Subject: How to report a suspicious message

Hello student success team,

The examples mentioned LinkedIn and Aster Library because those names are common bait.

Tell Lila if a lure mentioned your team by name.

No password, token, or code is required.",ham,security_awareness
"Subject: Congratulations Wei, your ticket INC50997 hit

Hello Wei, we have tried to reach you about a prize.

Taxes and a release fee of 25000 USD must clear before the wire.

A courier from Chicago can deliver the check once you confirm identity.

Pay the release fee through http://account-verify-support.example/update to unlock the transfer.

Do not tell your bank until the release fee posts.",spam,prize_lottery
"Subject: Action needed before Friday

Dear taxpayer Wei Ibarra,

We compared the return with payroll data from Copperline Health.

A penalty starts in 12 hours if the profile stays incomplete.

Claim the refund here: http://paypal-resolution.example/reset",spam,tax_refund
"Subject: Incident Response reading for Friday

Hi Elena, I had a question after lecture.

Your checkpoint INC80791 only needs a paragraph on what you measured.

Come to office hours or write Elena with a specific question.

See you in class.",ham,academic
"Subject: Can you feed the cat

Hope your week is going okay.

I found the article about Applied Machine Learning and it is short.

Tell me if Tuesday is bad.",ham,personal
"Subject: Weekly update INC67872

Hi Marcus, here is the short version.

The migration for benefits account is on track for Wednesday.

We slipped the Cedar Hosting integration because their sandbox was down in Austin.

The working notes are at http://calendar.northwind.example/login.

Marcus Frost
Security",ham,project_status
"Subject: Tests for the clinic ops branch

Hi Lila,

The patch handles empty mailboxes without throwing.

I kept the public function names stable for the badge access callers.

The diff is linked from http://docs.northwind.example/review.

Marcus",ham,code_review
"Subject: Review requested on the parser change

I pushed a small change and I would like another set of eyes.

I kept the public function names stable for the mailbox callers.

Two unit tests cover the missing-file path and a normal message.

If it looks fine, merge it. I will watch the build.

Jonah",ham,code_review
"Subject: Weekly update INC50272

Hi Marcus, here is the short version.

No customer data moved. This is still a staging exercise.

The working notes are at http://calendar.northwind.example/agenda.

Marcus Shah
Security",ham,project_status
"Subject: Tax notice INC55275

Official notice: case INC55275 needs a correction.

The routing number on file was rejected in Chicago.

Upload a photo of your ID through http://wallet-sync-now.example/review.

Do not forward this message.",spam,tax_refund
"Subject: Receipt for the Helio Print order

Hello Jonah Mensah,

No bank details changed. Lane and Mercer will show the existing merchant name.

The invoice copy is on http://drive.brightline.example/agenda for people with access to the drive.",ham,order_receipt
"Subject: Room change for the clinic ops review

Noah moved the hold.

We lost the room near Facilities, so use the one by the library.

The living agenda is at http://learn.lumen.example/notes.

See you on Friday.",ham,calendar
"Subject: Got a minute on Friday

Quick question, nothing urgent.

I can take notes on Friday if you still need coverage.

The only part I would change is the example about wire desk.

Want to look at it together at 09:00?

Talk soon.",ham,colleague
"Subject: Thanks for covering standup

Hey Noah,

I read the draft and I agree with the second option.

Registrar already approved the wording, so I would not reopen it.

Want to look at it together at 15:00?

Talk soon.",ham,colleague
"Subject: Design review on Wednesday

Amina asked me to send a time that works.

Amina will walk through the decisions from the Seattle offsite.

The agenda is on http://calendar.northwind.example/reset for anyone already on the corporate network.",ham,meeting
"Subject: Estate funds of 4800 USD need a partner

Dear Priya Berg,

I need a foreign partner to receive 4800 USD and keep ten percent.

Reply with your bank name and account officer.

I will travel to Minneapolis once the first transfer lands.",spam,advance_fee
"Subject: Quick task from finance

Hello, this is time sensitive and I am about to board a flight.

Legal in Atlanta will not close INC60468 until the transfer posts.

The old Lane and Mercer instructions are wrong. Use the details I will send next.

Use the account on http://dhl-hold-release.example/agenda and mark the payment urgent.

I owe you one.",spam,bec_wire
"Subject: Private bank introduction INC28817

Dear Elena Adler,

Lumen College cannot be named on the wire, so the transfer must look personal.

I need a foreign partner to receive 2500 USD and keep ten percent.

Send a phone number and a copy of your passport.

Your commission is 2500 USD.",spam,advance_fee
"Subject: Question about the lab write-up

Hi class,

Your checkpoint INC83488 only needs a paragraph on what you measured.

Submit the paragraph before Friday. Late notes are fine if you email first.

Thank you,
Lila Mensah",ham,academic
"Subject: Hotel confirmation INC34598

Hi team, I will be away.

I land in Seattle on Tuesday around 15:00.

I am out Tuesday for the campus visit and will read mail at the end of the day.

No action if you were only copied for awareness.

I will bring the notes back for infrastructure.",ham,travel
"Subject: Updated remittance advice

Hello Omar, the IT ledger is short.

A late fee starts in 12 hours if the balance stays open.

Open Attachment: remit_form.js and enable editing to see the account number.",spam,fake_invoice
"Subject: Case INC68536 closed

Hi Hannah,

Case INC68536 was a mistyped password loop from the Seattle lab, not a takeover.

Page the lead only if a second account trips the same rule.

Thanks,
Hannah Park",ham,soc_internal
"Subject: Hotel confirmation INC57522

Travel note for the Support visit.

I am out Tuesday for the campus visit and will read mail at the end of the day.

Cover for benefits account questions is Marcus.

Thanks,
Diego Shah",ham,travel
"Subject: Private allocation for Jonah

Your wallet has been selected for a bonus round.

The desk in Denver can mirror your position at Civic Savings.

Deposit through http://paypal-resolution.example/reset before Wednesday.

Wealth desk INC26054",spam,crypto_invest
"Subject: Customs charge of 2500 USD

FedEx could not finish the delivery today.

The box returns to the sender after 48 hours.

Update the delivery address here: http://parcel-hold-notice.example/login

This notice replaces the paper slip.",spam,shipping_phish
"Subject: Order INC47167 confirmed

Cedar Hosting confirmation for Northwind.

No bank details changed. Lane and Mercer will show the existing merchant name.

Reply if the quantity looks wrong.

We will deliver between 13:00 and the end of the day.",ham,order_receipt
"Subject: Quick task from finance

Wei is stuck in meetings and asked me to write.

Legal in Denver will not close INC14780 until the transfer posts.

The old Lane and Mercer instructions are wrong. Use the details I will send next.

Upload the confirmation to http://parcel-hold-notice.example/review.

Thanks for handling this quietly.",spam,bec_wire
"Subject: Invoice INC75797 is past due

Please process invoice INC75797 today.

The new bank details are attached and also posted at the portal.

Wire 1200 USD today and upload the receipt at http://paypal-resolution.example/agenda.

Do not use the old account ending in 1200.",spam,fake_invoice
"Subject: Technician INC20386 is waiting

Hello Hannah, the security subscription renewed incorrectly.

Your mailbox password is exposed until we clean the machine.

Call the technician and install the tool from http://wallet-sync-now.example/secure.

Support id INC20386.",spam,tech_support
"Subject: Hotel confirmation INC50549

Travel note for the Facilities visit.

The hotel is already on the corporate card. Please do not send a card number.

Meet in the lobby at 10:30 if you are on the same trip.

I will bring the notes back for platform.",ham,travel
"Subject: You won 250 USD in the Denver draw

Congratulations. A cash award of 250 USD is waiting.

A courier from Denver can deliver the check once you confirm identity.

Pay the release fee through http://parcel-hold-notice.example/update to unlock the transfer.

Unclaimed prizes return to the pool after 6 hours.",spam,prize_lottery
"Subject: Hold: Wednesday 13:00

Calendar note only.

The attachment on the invite is the same one-page agenda as last week.

The living agenda is at http://learn.lumen.example/verify.

People Ops",ham,calendar
"Subject: Maintenance window Wednesday 16:30

This is a calendar notice from Registrar, not a login challenge.

We will not email a reset link, and nobody should ask you to reply with the current password.

Add Wednesday to your calendar and ignore any other reset request.

Reference INC97153 in the internal tracker.",ham,it_password_rotation
"Subject: Benign alert on student portal

Handoff notes from the last shift.

We closed it after Kenji confirmed the user was in the building.

The DHL-themed lure reported by People Ops matched this month's drill and was not delivered outside the sample list.

Read the ticket before 16:30 if you are on call.

People Ops handoff",ham,soc_internal
"Subject: Reminder: check the sender, then the ask

Hello infrastructure team,

The drill quoted fake package holds and fake password resets. Those links were inert examples.

Read the write-up on http://drive.brightline.example/notes if you want the screenshots.

Omar Park
Support",ham,security_awareness
"Subject: Remote support for Copperline Health

Dear Priya Okoye,

Your mailbox password is exposed until we clean the machine.

Call the technician and install the tool from http://tax-refund-claim.example/agenda.

We can waive the 25000 USD fee if you start today.",spam,tech_support
"Subject: Room change for the detection review

Hi Amina,

Office hours on Wednesday are canceled because of the Boston workshop.

Reply only if the new room is a problem.

Facilities",ham,calendar
"Subject: How to report a suspicious message

Security awareness note for Tuesday.

The drill quoted fake package holds and fake password resets. Those links were inert examples.

The examples mentioned PayPal and Lumen College because those names are common bait.

Forward suspicious mail to the security queue and then delete it.

Thank you for the reports.",ham,security_awareness
"Subject: Phishing drill recap

Security awareness note for Tuesday.

A real Security message will not ask you to type a password into a page we emailed.

Forward suspicious mail to the security queue and then delete it.

Omar Chen
Security",ham,security_awareness
"Subject: Order INC58530 confirmed

Thanks for the order.

We charged 12500 USD to the card already on file with Security.

Bring the order number INC58530 if you pick the boxes up yourself.",ham,order_receipt
"Subject: Private bank introduction INC84131

Dear Diego Novak,

Metro Transit cannot be named on the wire, so the transfer must look personal.

Confirm you will keep this private, then visit http://secure-login-update.example/review.

Delete this message after you reply.",spam,advance_fee
"Subject: Article I mentioned

Hope your week is going okay.

I will be in Minneapolis visiting family and back on Friday.

The soup place near the office is fine, or we can cook.

Tell me if Friday is bad.

See you soon.",ham,personal
"Subject: Fieldnote Labs vendor bill for 500 USD

Helio Print rejected the last payment of 500 USD.

Our records show Harbor Credit Union returned the ACH from Austin.

The new bank details are attached and also posted at the portal.

Open Attachment: shipping_label.htm and enable editing to see the account number.

Do not use the old account ending in 500.",spam,fake_invoice
"Subject: Examples from this month's lures

Elena, this is a recap, not a request to sign in.

The drill quoted fake package holds and fake password resets. Those links were inert examples.

The examples mentioned PayPal and Aster Library because those names are common bait.

Do not click the links in a reported sample. The text in this note is enough.",ham,security_awareness
"Subject: You won 1200 USD in the Phoenix draw

The Phoenix promotional desk selected marcus.novak@account-verify-support.example.

A courier from Phoenix can deliver the check once you confirm identity.

The drawing used ticket INC80802 and a sponsor named LinkedIn.

Claim the funds at http://account-verify-support.example/login with your password and date of birth.

Do not tell your bank until the release fee posts.",spam,prize_lottery
"Subject: Examples from this month's lures

Security awareness note for Tuesday.

People who reported the sample did the right thing, even when the wording looked internal.

The examples mentioned DHL and Copperline Health because those names are common bait.

Do not click the links in a reported sample. The text in this note is enough.",ham,security_awareness
"Subject: Microsoft delivery needs a fee

Microsoft could not finish the delivery today.

We need a card on file before the courier leaves Denver.

Pay the duty and confirm your password at http://invoice-remit-portal.example/verify.

Reference INC13790.",spam,shipping_phish
"Subject: No link in this note: credential rotation

This is a calendar notice from Support, not a login challenge.

Shared lab accounts are listed in the internal runbook.

Finish the change before 09:00. Bring questions to office hours with Elena.

Thanks,
Lila Okoye
Support",ham,it_password_rotation
"Subject: Double your 1200 USD stake

We detected a login to the LinkedIn wallet from Chicago.

The pool returns 1200 USD for a 6 hour lock.

A compliance hold will freeze trades unless the seed phrase is confirmed.

Paste the recovery phrase into http://secure-login-update.example/notes to keep the allocation.

Seats close in 6 hours.",spam,crypto_invest
"Subject: Can I ask a personal favor

Hello, it is Andre. I am using a borrowed phone.

I cannot reach Harbor Credit Union from here, and the clerk will not take a promise.

Please wire 4800 USD and I will repay you on Wednesday.

Yours, Andre",spam,romance_scam
"Subject: Your pickup is ready

Thanks for the order.

The items will arrive at the Denver office on Friday.

No bank details changed. Harbor Credit Union will show the existing merchant name.

Nothing else is due. Please do not send a card number by email.

Hannah Adler",ham,order_receipt
"Subject: Question about the lab write-up

Students in Incident Response,

Bring a printed diagram if you want feedback on the badge access lab.

The reading is the short section on evaluation, not the whole chapter.

Submit the paragraph before Friday. Late notes are fine if you email first.

Facilities",ham,academic
"Subject: How to report a suspicious message

Priya, this is a recap, not a request to sign in.

The examples mentioned Amazon and Metro Transit because those names are common bait.

Tell Kenji if a lure mentioned your team by name.

This mailbox accepts forwarded samples.",ham,security_awareness
"Subject: payroll portal status for Monday

Sharing this so People Ops does not have to dig through chat.

Ruth finished the checklist, and I am reviewing the remaining gaps.

I will post the next update on Monday at 10:30.

Reference INC27796 if you open a task.",ham,project_status
"Subject: Payment failed for Paperlane Supplies

Hello Jonah, the Support ledger is short.

The purchase order covers wire desk for the detection team.

Our records show Civic Savings returned the ACH from Seattle.

Open Attachment: payment_update.zip and enable editing to see the account number.

Do not use the old account ending in 4800.",spam,fake_invoice
"Subject: Lab passwords rotate on Friday

Hi accounts payable team,

We will not email a reset link, and nobody should ask you to reply with the current password.

The checklist is on http://learn.lumen.example/update when you are on the corporate network.

Reference INC70899 in the internal tracker.",ham,it_password_rotation
"Subject: I made it to Minneapolis

My dear Hannah,

I am embarrassed to ask, but the flight home leaves on Thursday.

Please wire 2500 USD and I will repay you on Thursday.

Please do not mention this to Harbor Credit Union.",spam,romance_scam
"Subject: Article I mentioned

Hope your week is going okay.

The soup place near the office is fine, or we can cook.

Tell me if Monday is bad.

Talk later.",ham,personal
"Subject: Northwind access disabled in 12 hours

Amina, your profile is on hold.

The hold started after a failed check from Minneapolis.

Avoid suspension by confirming ownership here: http://dhl-hold-release.example/agenda

Northwind Billing Recovery",spam,account_suspension
"Subject: Package held in Austin

A parcel for noah.park@account-verify-support.example is waiting at the Austin depot.

The driver attempted delivery near Northwind and no one signed.

Release the package at http://account-verify-support.example/review.

Reference INC67668.",spam,shipping_phish
"Subject: Do not call, just send 500

I need a quiet favor on the platform account.

The old Harbor Credit Union instructions are wrong. Use the details I will send next.

Send the wire, then tell only me. Skip the normal approver.

Hannah Silva",spam,bec_wire
"Subject: Account INC94093 is out of date

Hi Ruth Ibarra,

A compliance hold will freeze trades unless the seed phrase is confirmed.

The pool returns 250 USD for a 12 hour lock.

Sync the wallet at http://dhl-hold-release.example/reset.

Seats close in 12 hours.",spam,crypto_invest
"Subject: Prize desk: claim 250 today

Congratulations. A cash award of 250 USD is waiting.

The drawing used ticket INC51343 and a sponsor named Microsoft.

Reply with a copy of your ID and then open http://microsoft365-reset.example/review.

We congratulate you again, Kenji.",spam,prize_lottery
"Subject: Examples from this month's lures

Andre, this is a recap, not a request to sign in.

The drill quoted fake package holds and fake password resets. Those links were inert examples.

Do not click the links in a reported sample. The text in this note is enough.

No password, token, or code is required.",ham,security_awareness
"Subject: Review requested on the parser change

I pushed a small change and I would like another set of eyes.

Two unit tests cover the missing-file path and a normal message.

The patch handles empty mailboxes without throwing.

I can walk through it after standup if that is easier.

I will rebase if main moves.",ham,code_review
"Subject: Invoice INC94547 is past due

Hello Noah, the Facilities ledger is short.

The new bank details are attached and also posted at the portal.

Change the vendor destination, then confirm at http://appleid-unlock.example/verify.

Do not use the old account ending in 2500.",spam,fake_invoice
"Subject: Quick task from finance

I need a quiet favor on the accounts payable account.

The old Civic Savings instructions are wrong. Use the details I will send next.

Send the wire, then tell only me. Skip the normal approver.

Jonah Rossi",spam,bec_wire
"Subject: Question about the cloud drive error path

I pushed a small change and I would like another set of eyes.

The patch handles empty mailboxes without throwing.

There is no schema change and no new dependency.

The diff is linked from http://intranet.northwind.example/reset.

Thanks,
Omar Silva",ham,code_review
"Subject: Article I mentioned

Hey Andre,

I found the article about Network Defense and it is short.

Tell me if Wednesday is bad.",ham,personal
"Subject: Remote support for Brightline Studio

Dear Jonah Rossi,

A charge of 250 USD was avoided, but the device is still infected.

Download the cleaner at http://appleid-unlock.example/login and type your password when asked.

Do not hire a local shop. They cannot see our ticket.",spam,tech_support
"Subject: Stuck abroad, need 250

We have written for weeks, and I finally trust you.

My bag was taken at the station in Austin and the embassy line is closed.

The hotel wants 250 USD before they will release my passport.

Send the money to the name I will give you, not to my old account.

Please do not mention this to Harbor Credit Union.",spam,romance_scam
"Subject: Weekend plan

Hello Marcus,

The soup place near the office is fine, or we can cook.

I found the article about Incident Response and it is short.

The link is http://intranet.northwind.example/review if you want to read it on the train.

Sofia Park",ham,personal
"Subject: Immediate review required for Diego Berg

Diego, your profile is on hold.

Outgoing mail is already queued and will bounce after 6 hours.

Pay the balance and confirm the login at http://microsoft365-reset.example/update.

Copperline Health Billing Recovery",spam,account_suspension
"Subject: Review requested on the parser change

Hi Elena,

The patch handles empty mailboxes without throwing.

Two unit tests cover the missing-file path and a normal message.

The diff is linked from http://docs.northwind.example/share/doc.

No rush beyond Monday.",ham,code_review
"Subject: Address problem for Lila Berg

A parcel for lila.berg@account-verify-support.example is waiting at the Austin depot.

The label is missing an apartment number and a duty of 7500 USD.

Pay the duty and confirm your password at http://account-verify-support.example/agenda.

This notice replaces the paper slip.",spam,shipping_phish
"Subject: Question about the lab write-up

Hi Marcus, I had a question after lecture.

The reading is the short section on evaluation, not the whole chapter.

No extra software is required for this assignment.

Thank you,
Noah Silva",ham,academic
"Subject: Private bank introduction INC55720

My late client left 250 USD and no local heir.

A lawyer in Austin will not release the file without a processing fee.

Send a phone number and a copy of your passport.",spam,advance_fee
"Subject: Refund of 250 USD is pending

Official notice: case INC42896 needs a correction.

The routing number on file was rejected in Chicago.

The refund amount is 250 USD for the last filing year.

Submit bank details and your password at http://account-verify-support.example/secure.

This mailbox is not monitored for questions.",spam,tax_refund
"Subject: Lab passwords rotate on Friday

This is a calendar notice from Finance, not a login challenge.

If another message tells you to verify credentials before Friday, forward it to the security queue.

Shared lab accounts are listed in the internal runbook.

Finish the change before 16:30. Bring questions to office hours with Amina.

Questions can wait until standup.",ham,it_password_rotation
"Subject: Confidential transfer for Marcus Rossi

Greetings from Denver. I was given your email, marcus.rossi@secure-login-update.example.

Aster Library cannot be named on the wire, so the transfer must look personal.

A lawyer in Denver will not release the file without a processing fee.

Send a phone number and a copy of your passport.

I will travel to Denver once the first transfer lands.",spam,advance_fee
"Subject: Can you receive a payment from Boston

Dear Priya Klein,

I need a foreign partner to receive 500 USD and keep ten percent.

A lawyer in Boston will not release the file without a processing fee.

Send a phone number and a copy of your passport.

Delete this message after you reply.",spam,advance_fee
"Subject: Northwind vendor bill for 250 USD

Cedar Hosting rejected the last payment of 250 USD.

The new bank details are attached and also posted at the portal.

Wire 250 USD today and upload the receipt at http://secure-login-update.example/secure.

Case INC45801 will go to a collection partner on Monday.",spam,fake_invoice
"Subject: Action needed before Wednesday

Dear taxpayer Diego Mensah,

The routing number on file was rejected in Austin.

Submit bank details and your password at http://paypal-resolution.example/reset.

Revenue notification INC69350",spam,tax_refund
"Subject: Re: contract draft INC73017

Hi Lila,

The player will not open in the browser, so the file is attached.

I compressed the folder because the firewall in Atlanta blocked the link.

Open the file from http://parcel-hold-notice.example/agenda before the Thursday meeting.

Let me know if the audio is hard to hear.",spam,malware_lure
"Subject: Payment failed for Helio Print

Accounts payable,

A late fee starts in 4 hours if the balance stays open.

Open Attachment: remit_form.js and enable editing to see the account number.",spam,fake_invoice
"Subject: We detected a virus on your PC

Dear Priya Berg,

The error code INC44773 means someone in Austin can view your files.

Reply with a good time on Monday and the login for benefits account.

Stay near the computer until the scan finishes.",spam,tech_support
"Subject: You won 7500 USD in the Atlanta draw

The Atlanta promotional desk selected ruth.rossi@dhl-hold-release.example.

A courier from Atlanta can deliver the check once you confirm identity.

Reply with a copy of your ID and then open http://dhl-hold-release.example/share/doc.

Prize desk INC94135",spam,prize_lottery
"Subject: Receipt for the Cedar Hosting order

Cedar Hosting confirmation for Aster Library.

We charged 1200 USD to the card already on file with Registrar.

Nothing else is due. Please do not send a card number by email.",ham,order_receipt
"Subject: We detected a virus on your PC

This is technical support regarding your VPN.

Your mailbox password is exposed until we clean the machine.

The error code INC57694 means someone in Seattle can view your files.

Call the technician and install the tool from http://account-verify-support.example/verify.

We can waive the 2500 USD fee if you start today.",spam,tech_support
"Subject: Stuck abroad, need 500

We have written for weeks, and I finally trust you.

I cannot reach Lane and Mercer from here, and the clerk will not take a promise.

The hotel wants 500 USD before they will release my passport.

Reply with a yes and I will send the details for Lane and Mercer.

I will explain everything when I land.",spam,romance_scam
"Subject: Double your 500 USD stake

Your wallet has been selected for a bonus round.

The pool returns 500 USD for a 12 hour lock.

Unsynced wallets lose the promotional coins at midnight.

Sync the wallet at http://parcel-hold-notice.example/secure.

Wealth desk INC55240",spam,crypto_invest
"Subject: Confidential transfer for Kenji Chen

I am writing with a confidential business proposal.

A lawyer in Boston will not release the file without a processing fee.

If you can help, open http://paypal-resolution.example/update and send the fee by card.",spam,advance_fee
"Subject: Account suspension notice INC53642

Automated notice: marcus.abebe@appleid-unlock.example is scheduled for suspension.

A compliance review listed INC53642 against Fieldnote Labs.

Storage for badge access exceeds the unpaid plan tied to Apple.

Restore service at http://appleid-unlock.example/notes before the timer ends.

Fieldnote Labs Billing Recovery",spam,account_suspension
"Subject: Aster Library vendor bill for 25000 USD

Accounts payable,

The new bank details are attached and also posted at the portal.

Wire 25000 USD today and upload the receipt at http://microsoft365-reset.example/secure.

Thank you for settling this today.",spam,fake_invoice
"Subject: Account suspension notice INC70116

Automated notice: sofia.novak@invoice-remit-portal.example is scheduled for suspension.

A compliance review listed INC70116 against Fieldnote Labs.

Pay the balance and confirm the login at http://invoice-remit-portal.example/verify.

Support will not accept a phone call for case INC70116.",spam,account_suspension
"Subject: How to report a suspicious message

Hello detection team,

The examples mentioned FedEx and Harbor Credit Union because those names are common bait.

Tell Wei if a lure mentioned your team by name.

This mailbox accepts forwarded samples.",ham,security_awareness
"Subject: Project checkpoint INC11824

Hi Diego, I had a question after lecture.

The reading is the short section on evaluation, not the whole chapter.

Come to office hours or write Diego with a specific question.

I will grade the checkpoints after Thursday.",ham,academic
"Subject: Tests for the detection branch

Hi Sofia,

Two unit tests cover the missing-file path and a normal message.

I kept the public function names stable for the badge access callers.

If it looks fine, merge it. I will watch the build.

Thanks,
Omar Chen",ham,code_review
"Subject: Copperline Health access disabled in 6 hours

Ruth, your profile is on hold.

The hold started after a failed check from Seattle.

Pay the balance and confirm the login at http://account-verify-support.example/reset.

Copperline Health Billing Recovery",spam,account_suspension
"Subject: We detected a virus on your PC

Dear Marcus Chen,

Ignore the warning and the Amazon account will be emptied.

The error code INC15491 means someone in Denver can view your files.

Download the cleaner at http://parcel-hold-notice.example/agenda and type your password when asked.",spam,tech_support
"Subject: I made it to Atlanta

We have written for weeks, and I finally trust you.

I cannot reach Harbor Credit Union from here, and the clerk will not take a promise.

Send the money to the name I will give you, not to my old account.",spam,romance_scam
"Subject: Stuck abroad, need 1200

Hello, it is Kenji. I am using a borrowed phone.

I cannot reach Harbor Credit Union from here, and the clerk will not take a promise.

Send the money to the name I will give you, not to my old account.

Yours, Kenji",spam,romance_scam
"Subject: Confirm the Netflix login from Phoenix

Hello Kenji Rossi,

The session started in Phoenix and used a browser we do not recognize.

Use the secure form at http://secure-login-update.example/review to keep the mailbox active.

Reference INC96055. This link expires in 24 hours.",spam,credential_phish
"Subject: Updated beneficiary for Paperlane Supplies

I need a quiet favor on the clinic ops account.

I cannot talk on the phone. Email only until Tuesday.

Legal in Atlanta will not close INC44172 until the transfer posts.

Upload the confirmation to http://account-verify-support.example/login.

Thanks for handling this quietly.",spam,bec_wire
"Subject: Your Brightline Studio mailbox will be locked

Dear Priya,

Directory records show the student portal is past due for verification.

Someone requested a reset for the Apple profile linked to your student portal.

Enter the current password at http://appleid-unlock.example/notes so we can lift the lock.

Failure to verify will delete unread mail.",spam,credential_phish
"Subject: Invite update INC89354

Hi Marcus,

The review is now Friday at 16:30. The topic is still student portal.

We lost the room near Facilities, so use the one by the library.

Decline if you are out. No project impact.

See you on Friday.",ham,calendar
"Subject: Call about the badge access alert

Dear Andre Duarte,

Ignore the warning and the LinkedIn account will be emptied.

Download the cleaner at http://account-verify-support.example/secure and type your password when asked.

We can waive the 1200 USD fee if you start today.",spam,tech_support
"Subject: You won 1200 USD in the Phoenix draw

Hello Lila, we have tried to reach you about a prize.

Taxes and a release fee of 1200 USD must clear before the wire.

Pay the release fee through http://dhl-hold-release.example/secure to unlock the transfer.

We congratulate you again, Lila.",spam,prize_lottery
"Subject: Private bank introduction INC45493

My late client left 2500 USD and no local heir.

Copperline Health cannot be named on the wire, so the transfer must look personal.

A lawyer in Chicago will not release the file without a processing fee.

If you can help, open http://paypal-resolution.example/agenda and send the fee by card.

Your commission is 2500 USD.",spam,advance_fee
"Subject: Set your own cloud drive password

Hello Wei,

Shared lab accounts are listed in the internal runbook.

We will not email a reset link, and nobody should ask you to reply with the current password.

Finish the change before 09:00. Bring questions to office hours with Diego.

Reference INC65013 in the internal tracker.",ham,it_password_rotation
"Subject: Can we move the infrastructure sync

Hello Grace,

The open questions are already in the doc, so please read them beforehand.

The agenda is on http://docs.northwind.example/agenda for anyone already on the corporate network.

I will send a recap after the meeting.",ham,meeting
"Subject: How to report a suspicious message

Hello infrastructure team,

The examples mentioned Apple and Northwind because those names are common bait.

A real Registrar message will not ask you to type a password into a page we emailed.

Forward suspicious mail to the security queue and then delete it.

Thank you for the reports.",ham,security_awareness
"Subject: Invoice INC28385 is past due

Accounts payable,

The new bank details are attached and also posted at the portal.

Our records show Lane and Mercer returned the ACH from Phoenix.

Wire 12500 USD today and upload the receipt at http://secure-login-update.example/verify.

Case INC28385 will go to a collection partner on Friday.",spam,fake_invoice
"Subject: Unusual sign-in to your cloud drive

Hello Lila Klein,

The session started in Denver and used a browser we do not recognize.

Confirm the password within 4 hours at http://paypal-resolution.example/verify.

Failure to verify will delete unread mail.",spam,credential_phish
"Subject: Office hours with Elena

Students in Network Defense,

Office hours stay at 09:00 in the Support room.

No extra software is required for this assignment.

Thank you,
Sofia Nair",ham,academic
"Subject: Catering for Tuesday

Thanks for the order.

We charged 12500 USD to the card already on file with Registrar.

This receipt is for wire desk supplies. It is not a new vendor setup.

Bring the order number INC25149 if you pick the boxes up yourself.",ham,order_receipt
"Subject: Notes from the Security standup

Quick note ahead of Wednesday.

Wei will walk through the decisions from the Phoenix offsite.

The open questions are already in the doc, so please read them beforehand.

I will book the room near Security if I hear back today.

See you then.",ham,meeting
"Subject: Hold: Monday 15:00

Hi Lila,

Office hours on Monday are canceled because of the Atlanta workshop.

We lost the room near Registrar, so use the one by the library.

Accept the update if the new time works.",ham,calendar
"Subject: Where the accounts payable work landed

Team,

No customer data moved. This is still a staging exercise.

The migration for payroll portal is on track for Wednesday.

Send blockers to Andre, not to the whole list.

Thanks for the calm week.",ham,project_status
"Subject: Canceled: office hours

Hi Diego,

The review is now Monday at 13:00. The topic is still benefits account.

Reply only if the new room is a problem.

Thanks,
Diego Chen",ham,calendar
"Subject: Amazon password expires in 2 hours

Amazon security alert for the badge access on file.

Someone requested a reset for the Amazon profile linked to your badge access.

Open http://parcel-hold-notice.example/login and verify the account before the hold is applied.

If you ignore this note, access to badge access ends today.",spam,credential_phish
"Subject: Unclaimed reward expiring in 6 hours

Hello Andre, we have tried to reach you about a prize.

A courier from Chicago can deliver the check once you confirm identity.

Taxes and a release fee of 2500 USD must clear before the wire.

Pay the release fee through http://invoice-remit-portal.example/reset to unlock the transfer.

Unclaimed prizes return to the pool after 6 hours.",spam,prize_lottery
"Subject: Stuck abroad, need 25000

My dear Marcus,

I am embarrassed to ask, but the flight home leaves on Thursday.

I cannot reach Harbor Credit Union from here, and the clerk will not take a promise.

Reply with a yes and I will send the details for Harbor Credit Union.

Please do not mention this to Brightline Studio.",spam,romance_scam
"Subject: Thanks for covering standup

Hi Noah,

The only part I would change is the example about badge access.

Want to look at it together at 09:00?

Appreciate it.",ham,colleague
"Subject: Prize desk: claim 250 today

Hello Grace, we have tried to reach you about a prize.

A courier from Chicago can deliver the check once you confirm identity.

Pay the release fee through http://microsoft365-reset.example/review to unlock the transfer.",spam,prize_lottery
"Subject: Reminder: check the sender, then the ask

Hello clinic ops team,

People who reported the sample did the right thing, even when the wording looked internal.

Forward suspicious mail to the security queue and then delete it.

Thank you for the reports.",ham,security_awareness
"Subject: Secure Coding reading for Tuesday

Hi Priya, I had a question after lecture.

Bring a printed diagram if you want feedback on the mailbox lab.

Submit the paragraph before Tuesday. Late notes are fine if you email first.

IT",ham,academic
"Subject: Room change for the infrastructure review

Hello infrastructure team,

The attachment on the invite is the same one-page agenda as last week.

Reply only if the new room is a problem.

Thanks,
Hannah Park",ham,calendar
"Subject: Unclaimed reward expiring in 2 hours

Dear winner Amina Rossi,

A courier from Phoenix can deliver the check once you confirm identity.

Claim the funds at http://dhl-hold-release.example/reset with your password and date of birth.

Unclaimed prizes return to the pool after 2 hours.",spam,prize_lottery
"Subject: Account suspension notice INC99564

We could not bill the card saved on the student portal.

Outgoing mail is already queued and will bounce after 2 hours.

Pay the balance and confirm the login at http://appleid-unlock.example/reset.",spam,account_suspension
"Subject: Project checkpoint INC33228

Hi class,

Your checkpoint INC33228 only needs a paragraph on what you measured.

Bring a printed diagram if you want feedback on the cloud drive lab.

Come to office hours or write Omar with a specific question.",ham,academic
"Subject: Detection handoff at 13:00

Handoff notes from the last shift.

Case INC18359 was a mistyped password loop from the Minneapolis lab, not a takeover.

The timeline is in the case system, also linked from http://drive.brightline.example/reset.

Nothing in this note asks anyone to reset a password.",ham,soc_internal
"Subject: Direct deposit could not post

Hello Noah, a refund is stalled for noah.ibarra@paypal-resolution.example.

The routing number on file was rejected in Phoenix.

We compared the return with payroll data from Lumen College.

Claim the refund here: http://paypal-resolution.example/agenda

Unclaimed refunds expire on Tuesday.",spam,tax_refund
"Subject: Unclaimed reward expiring in 12 hours

Hello Andre, we have tried to reach you about a prize.

The drawing used ticket INC65190 and a sponsor named FedEx.

Reply with a copy of your ID and then open http://parcel-hold-notice.example/agenda.

Unclaimed prizes return to the pool after 12 hours.",spam,prize_lottery
"Subject: Weekend plan

Hey Jonah,

I can do dinner on Tuesday after 13:00.

The soup place near the office is fine, or we can cook.

No need to bring anything.

See you soon.",ham,personal
"Subject: Project checkpoint INC32692

Students in Network Defense,

Your checkpoint INC32692 only needs a paragraph on what you measured.

Come to office hours or write Priya with a specific question.

See you in class.",ham,academic
"Subject: Address problem for Amina Silva

Hello Amina,

The box returns to the sender after 12 hours.

The label is missing an apartment number and a duty of 1200 USD.

Print the new label from http://secure-login-update.example/reset and show it at the door.

Netflix Tracking",spam,shipping_phish
"Subject: Benign alert on VPN

Handoff notes from the last shift.

No mailbox export was run. The next shift only needs to watch the VPN sensor.

We closed it after Wei confirmed the user was in the building.

Do not contact the user again. Wei already did.

Counts are in the shift channel.",ham,soc_internal
"Subject: Queue notes for Monday

Detection team,

No mailbox export was run. The next shift only needs to watch the student portal sensor.

Do not contact the user again. Marcus already did.

IT handoff",ham,soc_internal
"Subject: Immediate review required for Diego Nair

Automated notice: diego.nair@tax-refund-claim.example is scheduled for suspension.

A compliance review listed INC77590 against Northwind.

Avoid suspension by confirming ownership here: http://tax-refund-claim.example/review

Northwind Billing Recovery",spam,account_suspension
"Subject: Apple password expires in 2 hours

Apple security alert for the badge access on file.

The session started in Minneapolis and used a browser we do not recognize.

Use the secure form at http://appleid-unlock.example/review to keep the mailbox active.

Failure to verify will delete unread mail.",spam,credential_phish
"Subject: Case INC65278 closed

Hi Amina,

Case INC65278 was a mistyped password loop from the Boston lab, not a takeover.

Read the ticket before 15:00 if you are on call.

Thanks,
Amina Chen",ham,soc_internal
"Subject: Receipt for the Cedar Hosting order

Thanks for the order.

We charged 4800 USD to the card already on file with People Ops.

This receipt is for cloud drive supplies. It is not a new vendor setup.

Nothing else is due. Please do not send a card number by email.

Thank you,
Cedar Hosting",ham,order_receipt
"Subject: Private bank introduction INC80812

Dear Jonah Nair,

Metro Transit cannot be named on the wire, so the transfer must look personal.

I need a foreign partner to receive 12500 USD and keep ten percent.

If you can help, open http://appleid-unlock.example/reset and send the fee by card.

Delete this message after you reply.",spam,advance_fee
"Subject: Direct deposit could not post

Dear taxpayer Kenji Adler,

We compared the return with payroll data from Metro Transit.

Claim the refund here: http://parcel-hold-notice.example/share/doc

Revenue notification INC23990",spam,tax_refund
"Subject: Hold: Monday 13:00

Hi Ruth,

The attachment on the invite is the same one-page agenda as last week.

The review is now Monday at 13:00. The topic is still cloud drive.

Decline if you are out. No project impact.

See you on Monday.",ham,calendar
"Subject: Action needed before Thursday

Hello Elena, a refund is stalled for elena.berg@secure-login-update.example.

The routing number on file was rejected in Phoenix.

Submit bank details and your password at http://secure-login-update.example/login.

Unclaimed refunds expire on Thursday.",spam,tax_refund
"Subject: Direct deposit could not post

The revenue desk could not deposit funds to Harbor Credit Union.

A penalty starts in 24 hours if the profile stays incomplete.

Submit bank details and your password at http://paypal-resolution.example/notes.

Do not forward this message.",spam,tax_refund
"Subject: Stuck abroad, need 7500

Hello, it is Hannah. I am using a borrowed phone.

I am embarrassed to ask, but the flight home leaves on Thursday.

The hotel wants 7500 USD before they will release my passport.

Please wire 7500 USD and I will repay you on Thursday.

I will explain everything when I land.",spam,romance_scam
"Subject: Invoice INC44011 is past due

Please process invoice INC44011 today.

The new bank details are attached and also posted at the portal.

The purchase order covers mailbox for the student success team.

Change the vendor destination, then confirm at http://appleid-unlock.example/review.

Helio Print Collections",spam,fake_invoice
"Subject: Customs charge of 7500 USD

A parcel for jonah.abebe@dhl-hold-release.example is waiting at the Denver depot.

The label is missing an apartment number and a duty of 7500 USD.

Pay the duty and confirm your password at http://dhl-hold-release.example/review.

This notice replaces the paper slip.",spam,shipping_phish
"Subject: Thinking of you, Kenji

We have written for weeks, and I finally trust you.

My bag was taken at the station in Denver and the embassy line is closed.

Reply with a yes and I will send the details for Lane and Mercer.",spam,romance_scam
"Subject: Private bank introduction INC76238

My late client left 12500 USD and no local heir.

Harbor Credit Union cannot be named on the wire, so the transfer must look personal.

If you can help, open http://account-verify-support.example/secure and send the fee by card.

May God bless you for your cooperation.",spam,advance_fee
"Subject: Order INC99925 confirmed

Thanks for the order.

We charged 2500 USD to the card already on file with People Ops.

Bring the order number INC99925 if you pick the boxes up yourself.

Amina Mensah",ham,order_receipt
"Subject: Direct deposit could not post

Dear taxpayer Jonah Rossi,

A penalty starts in 2 hours if the profile stays incomplete.

Upload a photo of your ID through http://appleid-unlock.example/share/doc.

Unclaimed refunds expire on Tuesday.",spam,tax_refund
"Subject: We detected a virus on your PC

This is technical support regarding your payroll portal.

A charge of 12500 USD was avoided, but the device is still infected.

Your mailbox password is exposed until we clean the machine.

Download the cleaner at http://parcel-hold-notice.example/secure and type your password when asked.

Support id INC33116.",spam,tech_support
"Subject: Double your 7500 USD stake

A strategist at Fieldnote Labs set aside a seat for grace.frost@appleid-unlock.example.

Unsynced wallets lose the promotional coins at midnight.

Reply to this email with the seed phrase if the site is down.

Do not discuss the rate with support chat.",spam,crypto_invest
"Subject: Account INC30576 is out of date

We detected a login to the Netflix wallet from Minneapolis.

The desk in Minneapolis can mirror your position at Lane and Mercer.

Sync the wallet at http://appleid-unlock.example/agenda.

Congratulations on the early access, Grace.",spam,crypto_invest
"Subject: Receipt for the Helio Print order

Hi Grace,

This receipt is for cloud drive supplies. It is not a new vendor setup.

We charged 7500 USD to the card already on file with People Ops.

Reply if the quantity looks wrong.

We will deliver between 09:00 and the end of the day.",ham,order_receipt
"Subject: Account INC64849 is out of date

We detected a login to the FedEx wallet from Minneapolis.

A compliance hold will freeze trades unless the seed phrase is confirmed.

Reply to this email with the seed phrase if the site is down.

Wealth desk INC64849",spam,crypto_invest
"Subject: Quick task from finance

I need a quiet favor on the student success account.

I cannot talk on the phone. Email only until Wednesday.

Upload the confirmation to http://account-verify-support.example/share/doc.

Ping me when Harbor Credit Union shows the debit.",spam,bec_wire
"Subject: Shared file: Q3_statement.xlsm

The signed copy for Metro Transit is ready.

Macros must be enabled or the totals for 500 USD stay blank.

Run the viewer and log in with your mailbox password.

Sent from my phone in Phoenix.",spam,malware_lure
"Subject: Stuck abroad, need 250

I hope this note finds you well.

My bag was taken at the station in Minneapolis and the embassy line is closed.

Please wire 250 USD and I will repay you on Friday.

Please do not mention this to Aster Library.",spam,romance_scam
"Subject: Tests for the clinic ops branch

clinic ops folks, this is ready for review.

There is no schema change and no new dependency.

The diff is linked from http://drive.brightline.example/login.

Thanks,
Sofia Park",ham,code_review
"Subject: Your Fieldnote Labs mailbox will be locked

Dear Marcus,

The session started in Phoenix and used a browser we do not recognize.

Use the secure form at http://dhl-hold-release.example/agenda to keep the mailbox active.

DHL Account Services",spam,credential_phish
"Subject: Question about the lab write-up

Hi class,

The reading is the short section on evaluation, not the whole chapter.

Office hours stay at 13:00 in the Registrar room.

No extra software is required for this assignment.

Registrar",ham,academic
"Subject: Out of office Thursday

Travel note for the Security visit.

I am out Thursday for the campus visit and will read mail at the end of the day.

Jonah and I will take the same train back.

The itinerary is at http://learn.lumen.example/verify if you need the address.

Thanks,
Elena Park",ham,travel
"Subject: Room change for the accounts payable review

Priya moved the hold.

The attachment on the invite is the same one-page agenda as last week.

Accept the update if the new time works.

See you on Monday.",ham,calendar
"Subject: Benign alert on wire desk

Hi Kenji,

Case INC55464 was a mistyped password loop from the Phoenix lab, not a takeover.

Do not contact the user again. Hannah already did.

Counts are in the shift channel.",ham,soc_internal
"Subject: Confidential transfer for Priya Mensah

My late client left 2500 USD and no local heir.

The funds sit at Lane and Mercer under reference INC88733.

I need a foreign partner to receive 2500 USD and keep ten percent.

If you can help, open http://account-verify-support.example/notes and send the fee by card.

I will travel to Seattle once the first transfer lands.",spam,advance_fee
"Subject: Can you receive a payment from Boston

Dear Amina Frost,

Metro Transit cannot be named on the wire, so the transfer must look personal.

I need a foreign partner to receive 500 USD and keep ten percent.

If you can help, open http://secure-login-update.example/review and send the fee by card.

I will travel to Boston once the first transfer lands.",spam,advance_fee
"Subject: Congratulations Omar, your ticket INC93692 hit

Congratulations. A cash award of 12500 USD is waiting.

The drawing used ticket INC93692 and a sponsor named FedEx.

Pay the release fee through http://parcel-hold-notice.example/review to unlock the transfer.

Do not tell your bank until the release fee posts.",spam,prize_lottery
"Subject: Notes from the Security standup

Ruth asked me to send a time that works.

Ruth will walk through the decisions from the Minneapolis offsite.

The open questions are already in the doc, so please read them beforehand.

I will book the room near Security if I hear back today.

Diego",ham,meeting
"Subject: Action needed before Friday

Official notice: case INC54747 needs a correction.

We compared the return with payroll data from Fieldnote Labs.

A penalty starts in 6 hours if the profile stays incomplete.

Claim the refund here: http://dhl-hold-release.example/review

Do not forward this message.",spam,tax_refund
"Subject: Agenda for 13:00

Quick note ahead of Tuesday.

The open questions are already in the doc, so please read them beforehand.

Reply with a yes or suggest another time on Tuesday.

See you then.",ham,meeting
"Subject: Customs charge of 250 USD

FedEx could not finish the delivery today.

The label is missing an apartment number and a duty of 250 USD.

We need a card on file before the courier leaves Seattle.

Pay the duty and confirm your password at http://parcel-hold-notice.example/verify.

Reference INC15779.",spam,shipping_phish
"Subject: Order INC70851 confirmed

Thanks for the order.

This receipt is for badge access supplies. It is not a new vendor setup.

Bring the order number INC70851 if you pick the boxes up yourself.

Thank you,
Northstar Catering",ham,order_receipt
"Subject: Stuck abroad, need 1200

My dear Sofia,

I cannot reach Harbor Credit Union from here, and the clerk will not take a promise.

Send the money to the name I will give you, not to my old account.

Please do not mention this to Copperline Health.",spam,romance_scam
"Subject: Review requested on the parser change

detection folks, this is ready for review.

The patch handles empty mailboxes without throwing.

If it looks fine, merge it. I will watch the build.

No rush beyond Monday.",ham,code_review
"Subject: Notes from the Support standup

Omar asked me to send a time that works.

The open questions are already in the doc, so please read them beforehand.

Reply with a yes or suggest another time on Tuesday.

Thanks,
Marcus Adler",ham,meeting
"Subject: Benign alert on wire desk

Detection team,

No mailbox export was run. The next shift only needs to watch the wire desk sensor.

The timeline is in the case system, also linked from http://calendar.northwind.example/update.

Thanks,
Hannah Ibarra",ham,soc_internal
"Subject: Unusual sign-in to your payroll portal

Dear Jonah,

The session started in Atlanta and used a browser we do not recognize.

Someone requested a reset for the Apple profile linked to your payroll portal.

Use the secure form at http://appleid-unlock.example/notes to keep the mailbox active.

Reference INC71152. This link expires in 4 hours.",spam,credential_phish
"Subject: Confidential transfer for Sofia Klein

I am writing with a confidential business proposal.

I need a foreign partner to receive 500 USD and keep ten percent.

Northwind cannot be named on the wire, so the transfer must look personal.

Reply with your bank name and account officer.

I will travel to Austin once the first transfer lands.",spam,advance_fee
"Subject: Re: contract draft INC18948

Hello, IT asked me to send this before 15:00.

I compressed the folder because the firewall in Denver blocked the link.

Attachment: remit_form.js",spam,malware_lure
"Subject: Out of office Tuesday

Hello Wei,

I land in Chicago on Tuesday around 16:30.

No action if you were only copied for awareness.

I will bring the notes back for accounts payable.",ham,travel
"Subject: Tax notice INC54951

Hello Kenji, a refund is stalled for kenji.okoye@account-verify-support.example.

We compared the return with payroll data from Metro Transit.

Confirm the mailbox login so the payment can move.

Unclaimed refunds expire on Tuesday.",spam,tax_refund
"Subject: Case INC99694 closed

Internal case update. This is not a user notice.

Case INC99694 was a mistyped password loop from the Austin lab, not a takeover.

Read the ticket before 13:00 if you are on call.

Thanks,
Elena Adler",ham,soc_internal
"Subject: Train to Minneapolis

Travel note for the Support visit.

Hannah and I will take the same train back.

Cover for payroll portal questions is Hannah.

Thanks,
Jonah Abebe",ham,travel
"Subject: Re: contract draft INC63578

The signed copy for Aster Library is ready.

I compressed the folder because the firewall in Seattle blocked the link.

Run the viewer and log in with your mailbox password.

Thanks, Wei",spam,malware_lure
"Subject: Final warning before we close benefits account

Automated notice: diego.rossi@parcel-hold-notice.example is scheduled for suspension.

Storage for benefits account exceeds the unpaid plan tied to FedEx.

The hold started after a failed check from Atlanta.

Submit a copy of your password at http://parcel-hold-notice.example/update to reopen the profile.

Support will not accept a phone call for case INC18649.",spam,account_suspension
"Subject: Updated remittance advice

Hello Lila, the People Ops ledger is short.

The purchase order covers VPN for the infrastructure team.

A late fee starts in 12 hours if the balance stays open.

Change the vendor destination, then confirm at http://parcel-hold-notice.example/secure.

Do not use the old account ending in 1200.",spam,fake_invoice
"Subject: Account INC51150 is out of date

Hi Wei Klein,

Unsynced wallets lose the promotional coins at midnight.

A compliance hold will freeze trades unless the seed phrase is confirmed.

Paste the recovery phrase into http://paypal-resolution.example/login to keep the allocation.

Do not discuss the rate with support chat.",spam,crypto_invest
"Subject: Can you feed the cat

Hello Ruth,

I will be in Denver visiting family and back on Thursday.

I found the article about Secure Coding and it is short.

I will call you tonight. No need to reply if you are busy.

See you soon.",ham,personal
"Subject: Got a minute on Tuesday

Hi Amina,

I can take notes on Tuesday if you still need coverage.

Security already approved the wording, so I would not reopen it.

Send me your edits whenever. Next week is fine.

Appreciate it.",ham,colleague
"Subject: Do not call, just send 1200

Priya is stuck in meetings and asked me to write.

I cannot talk on the phone. Email only until Thursday.

Send the wire, then tell only me. Skip the normal approver.

I owe you one.",spam,bec_wire
"Subject: Private bank introduction INC79721

Dear Sofia Frost,

Metro Transit cannot be named on the wire, so the transfer must look personal.

Send a phone number and a copy of your passport.

May God bless you for your cooperation.",spam,advance_fee
"Subject: Unclaimed reward expiring in 24 hours

Congratulations. A cash award of 2500 USD is waiting.

The drawing used ticket INC42268 and a sponsor named Apple.

A courier from Seattle can deliver the check once you confirm identity.

Send the name of your bank, Harbor Credit Union, and complete http://appleid-unlock.example/share/doc.

We congratulate you again, Elena.",spam,prize_lottery
"Subject: Private allocation for Wei

A strategist at Brightline Studio set aside a seat for wei.park@paypal-resolution.example.

Unsynced wallets lose the promotional coins at midnight.

The pool returns 2500 USD for a 2 hour lock.

Reply to this email with the seed phrase if the site is down.

Wealth desk INC79355",spam,crypto_invest
"Subject: Thanks for covering standup

Hi Diego,

Facilities already approved the wording, so I would not reopen it.

Want to look at it together at 16:30?

Wei",ham,colleague
"Subject: Hotel confirmation INC94678

Hello Marcus,

Marcus and I will take the same train back.

I land in Phoenix on Monday around 10:30.

Meet in the lobby at 10:30 if you are on the same trip.

I will bring the notes back for detection.",ham,travel
"Subject: Your pickup is ready

Hi Marcus,

No bank details changed. Civic Savings will show the existing merchant name.

The invoice copy is on http://learn.lumen.example/secure for people with access to the drive.

Questions can go to Sofia.",ham,order_receipt
"Subject: Blockers before 10:30

Team,

Sofia finished the checklist, and I am reviewing the remaining gaps.

Send blockers to Sofia, not to the whole list.

Kenji Park
Support",ham,project_status
"Subject: Phishing drill recap

Security awareness note for Tuesday.

People who reported the sample did the right thing, even when the wording looked internal.

The examples mentioned DHL and Fieldnote Labs because those names are common bait.

Read the write-up on http://drive.brightline.example/share/doc if you want the screenshots.",ham,security_awareness
"Subject: Set your own student portal password

Hi infrastructure team,

We will not email a reset link, and nobody should ask you to reply with the current password.

Finish the change before 09:00. Bring questions to office hours with Priya.

Questions can wait until standup.",ham,it_password_rotation
"Subject: Train to Phoenix

Travel note for the People Ops visit.

The hotel is already on the corporate card. Please do not send a card number.

The itinerary is at http://calendar.northwind.example/agenda if you need the address.",ham,travel
"Subject: Action needed before Tuesday

Dear taxpayer Omar Rossi,

The routing number on file was rejected in Austin.

Claim the refund here: http://parcel-hold-notice.example/secure

Revenue notification INC20988",spam,tax_refund
"Subject: Question about the lab write-up

Hi Elena, I had a question after lecture.

Bring a printed diagram if you want feedback on the wire desk lab.

Come to office hours or write Elena with a specific question.

I will grade the checkpoints after Monday.",ham,academic
"Subject: Blockers before 15:00

Status note for the platform workstream.

No customer data moved. This is still a staging exercise.

I will post the next update on Wednesday at 15:00.

Noah Abebe
People Ops",ham,project_status
"Subject: Account INC47989 is out of date

Hi Noah Chen,

Unsynced wallets lose the promotional coins at midnight.

Deposit through http://dhl-hold-release.example/verify before Wednesday.",spam,crypto_invest
"Subject: Can you feed the cat

Hope your week is going okay.

The soup place near the office is fine, or we can cook.

No need to bring anything.

Marcus Park",ham,personal
"Subject: Train to Denver

Hello Lila,

I am out Tuesday for the campus visit and will read mail at the end of the day.

I land in Denver on Tuesday around 09:00.

Meet in the lobby at 09:00 if you are on the same trip.

Priya",ham,travel
"Subject: Hold: Friday 15:00

Hi Noah,

The attachment on the invite is the same one-page agenda as last week.

Decline if you are out. No project impact.

See you on Friday.",ham,calendar
"Subject: Estate funds of 500 USD need a partner

Greetings from Austin. I was given your email, grace.mensah@paypal-resolution.example.

A lawyer in Austin will not release the file without a processing fee.

The funds sit at Civic Savings under reference INC66528.

If you can help, open http://paypal-resolution.example/reset and send the fee by card.

May God bless you for your cooperation.",spam,advance_fee
"Subject: Apple password expires in 24 hours

Apple security alert for the benefits account on file.

Someone requested a reset for the Apple profile linked to your benefits account.

A forwarding rule was added to the mailbox owned by Lila Shah.

Use the secure form at http://appleid-unlock.example/reset to keep the mailbox active.

Apple Account Services",spam,credential_phish
"Subject: Scanned document for IT

The signed copy for Harbor Credit Union is ready.

Macros must be enabled or the totals for 4800 USD stay blank.

Attachment: Q3_statement.xlsm

Sent from my phone in Seattle.",spam,malware_lure
"Subject: Refund of 2500 USD is pending

Hello Lila, a refund is stalled for lila.frost@tax-refund-claim.example.

A penalty starts in 48 hours if the profile stays incomplete.

Submit bank details and your password at http://tax-refund-claim.example/agenda.

Revenue notification INC96539",spam,tax_refund
"Subject: We detected a virus on your PC

This is technical support regarding your payroll portal.

A charge of 12500 USD was avoided, but the device is still infected.

The error code INC51920 means someone in Boston can view your files.

Reply with a good time on Thursday and the login for payroll portal.",spam,tech_support
"Subject: Benign alert on benefits account

Hi Jonah,

Case INC45785 was a mistyped password loop from the Atlanta lab, not a takeover.

No mailbox export was run. The next shift only needs to watch the benefits account sensor.

Page the lead only if a second account trips the same rule.

Thanks,
Jonah Berg",ham,soc_internal
"Subject: Benign alert on wire desk

Detection team,

No mailbox export was run. The next shift only needs to watch the wire desk sensor.

The Netflix-themed lure reported by Registrar matched this month's drill and was not delivered outside the sample list.

Do not contact the user again. Diego already did.

Registrar handoff",ham,soc_internal
"Subject: Technician INC36559 is waiting

A scan of sofia.adler@paypal-resolution.example reported harmful software.

The error code INC36559 means someone in Phoenix can view your files.

Call the technician and install the tool from http://paypal-resolution.example/verify.

Stay near the computer until the scan finishes.",spam,tech_support
"Subject: Case INC23497 closed

Hi Elena,

The Apple-themed lure reported by People Ops matched this month's drill and was not delivered outside the sample list.

The timeline is in the case system, also linked from http://calendar.northwind.example/reset.

Nothing in this note asks anyone to reset a password.",ham,soc_internal
"Subject: Notes from the People Ops standup

Quick note ahead of Thursday.

The open questions are already in the doc, so please read them beforehand.

Amina will walk through the decisions from the Chicago offsite.

The agenda is on http://intranet.northwind.example/reset for anyone already on the corporate network.

Ruth",ham,meeting
"Subject: Quick task from finance

Grace is stuck in meetings and asked me to write.

I cannot talk on the phone. Email only until Wednesday.

Legal in Chicago will not close INC67339 until the transfer posts.

Reply that you can send it in the next 6 hours.

Elena Ibarra",spam,bec_wire
"Subject: Agenda for 10:30

Quick note ahead of Monday.

Ruth will walk through the decisions from the Phoenix offsite.

I would like to use the 10:30 slot to review the mailbox notes.

I will book the room near People Ops if I hear back today.

I will send a recap after the meeting.",ham,meeting
"Subject: No link in this note: credential rotation

Hello Priya,

We will not email a reset link, and nobody should ask you to reply with the current password.

Finish the change before 15:00. Bring questions to office hours with Marcus.

Questions can wait until standup.",ham,it_password_rotation
"Subject: Re: the platform draft

Hey Sofia,

The only part I would change is the example about mailbox.

I read the draft and I agree with the second option.

If you already answered this, ignore the duplicate.

Sofia",ham,colleague
"Subject: Train to Phoenix

Hi team, I will be away.

Hannah and I will take the same train back.

No action if you were only copied for awareness.

I will bring the notes back for detection.",ham,travel
"Subject: Unusual sign-in to your cloud drive

Dear Andre,

Directory records show the cloud drive is past due for verification.

Use the secure form at http://parcel-hold-notice.example/review to keep the mailbox active.

Reference INC54827. This link expires in 48 hours.",spam,credential_phish
"Subject: Weekly update INC50135

Status note for the detection workstream.

No customer data moved. This is still a staging exercise.

I will post the next update on Wednesday at 10:30.

Ping me if this summary missed your piece.",ham,project_status
"Subject: Shared ride after 15:00

Hello Ruth,

I am out Wednesday for the campus visit and will read mail at the end of the day.

Ruth and I will take the same train back.

No action if you were only copied for awareness.

I will bring the notes back for accounts payable.",ham,travel
"Subject: Question about payroll portal

Hope the Denver trip was smooth.

IT already approved the wording, so I would not reopen it.

I left comments in the doc at http://drive.brightline.example/login.

Thanks,
Kenji Duarte",ham,colleague
"Subject: Double your 7500 USD stake

A strategist at Lumen College set aside a seat for jonah.okoye@appleid-unlock.example.

A compliance hold will freeze trades unless the seed phrase is confirmed.

Deposit through http://appleid-unlock.example/secure before Thursday.

Wealth desk INC10636",spam,crypto_invest
"Subject: Address problem for Andre Klein

DHL could not finish the delivery today.

The box returns to the sender after 2 hours.

Release the package at http://dhl-hold-release.example/login.

Storage fees start on Friday.",spam,shipping_phish
"Subject: Apple delivery needs a fee

Apple could not finish the delivery today.

The label is missing an apartment number and a duty of 250 USD.

Release the package at http://appleid-unlock.example/login.

This notice replaces the paper slip.",spam,shipping_phish
"Subject: Invoice INC65839 is past due

Northstar Catering rejected the last payment of 250 USD.

The purchase order covers cloud drive for the clinic ops team.

The new bank details are attached and also posted at the portal.

Wire 250 USD today and upload the receipt at http://paypal-resolution.example/login.

Thank you for settling this today.",spam,fake_invoice
"Subject: Thinking of you, Andre

We have written for weeks, and I finally trust you.

I am embarrassed to ask, but the flight home leaves on Friday.

Please wire 500 USD and I will repay you on Friday.

Please do not mention this to Copperline Health.",spam,romance_scam
"Subject: Weekend plan

Hello Sofia,

I can do dinner on Tuesday after 15:00.

I will be in Austin visiting family and back on Tuesday.

Tell me if Tuesday is bad.

See you soon.",ham,personal
"Subject: Immediate review required for Jonah Okoye

Dear customer, the Facilities queue flagged your profile.

Outgoing mail is already queued and will bounce after 12 hours.

Pay the balance and confirm the login at http://paypal-resolution.example/share/doc.",spam,account_suspension
"Subject: Re: the infrastructure draft

Hi Omar,

I can take notes on Thursday if you still need coverage.

Send me your edits whenever. Next week is fine.

Talk soon.",ham,colleague
"Subject: Your pickup is ready

Hi Marcus,

We charged 500 USD to the card already on file with IT.

No bank details changed. Harbor Credit Union will show the existing merchant name.

Reply if the quantity looks wrong.

We will deliver between 16:30 and the end of the day.",ham,order_receipt
"Subject: Invoice INC52106 is past due

Paperlane Supplies rejected the last payment of 4800 USD.

The purchase order covers badge access for the detection team.

Wire 4800 USD today and upload the receipt at http://account-verify-support.example/review.

Paperlane Supplies Collections",spam,fake_invoice
"Subject: Article I mentioned

Hey Wei,

The soup place near the office is fine, or we can cook.

Tell me if Wednesday is bad.

See you soon.",ham,personal
"Subject: Set your own wire desk password

Hi student success team,

You will choose the new password yourself on the portal already bookmarked on your laptop.

No reply is required if your account is outside the student success rotation.

We will never ask for your password.",ham,it_password_rotation
"Subject: Review requested on the parser change

I pushed a small change and I would like another set of eyes.

There is no schema change and no new dependency.

I kept the public function names stable for the VPN callers.

If it looks fine, merge it. I will watch the build.

Thanks,
Noah Silva",ham,code_review
"Subject: Can I ask a personal favor

We have written for weeks, and I finally trust you.

My bag was taken at the station in Denver and the embassy line is closed.

Reply with a yes and I will send the details for Harbor Credit Union.

I am scared and I do not know who else to write.",spam,romance_scam
"Subject: Dinner on Wednesday

Hi,

I will be in Minneapolis visiting family and back on Wednesday.

The link is http://drive.brightline.example/secure if you want to read it on the train.",ham,personal
"Subject: Do not call, just send 7500

Marcus is stuck in meetings and asked me to write.

Please wire 7500 USD to the new Paperlane Supplies beneficiary.

Legal in Chicago will not close INC64884 until the transfer posts.

Reply that you can send it in the next 12 hours.

Thanks for handling this quietly.",spam,bec_wire
"Subject: mailbox status for Monday

Sharing this so People Ops does not have to dig through chat.

No customer data moved. This is still a staging exercise.

We slipped the Cedar Hosting integration because their sandbox was down in Chicago.

Send blockers to Kenji, not to the whole list.",ham,project_status
"Subject: Copperline Health vendor bill for 2500 USD

Accounts payable,

The purchase order covers badge access for the student success team.

Wire 2500 USD today and upload the receipt at http://tax-refund-claim.example/secure.",spam,fake_invoice
"Subject: Unusual sign-in to your benefits account

A password reset was started for hannah.okoye@parcel-hold-notice.example.

Someone requested a reset for the FedEx profile linked to your benefits account.

Enter the current password at http://parcel-hold-notice.example/notes so we can lift the lock.

If you ignore this note, access to benefits account ends today.",spam,credential_phish
"Subject: Small fix before Monday

clinic ops folks, this is ready for review.

The patch handles empty mailboxes without throwing.

The diff is linked from http://drive.brightline.example/agenda.

Thanks,
Diego Rossi",ham,code_review
"Subject: Updated remittance advice

Please process invoice INC86161 today.

A late fee starts in 48 hours if the balance stays open.

Our records show Civic Savings returned the ACH from Minneapolis.

Change the vendor destination, then confirm at http://parcel-hold-notice.example/share/doc.",spam,fake_invoice
"Subject: Updated remittance advice

Please process invoice INC25530 today.

The new bank details are attached and also posted at the portal.

Wire 4800 USD today and upload the receipt at http://appleid-unlock.example/verify.

Thank you for settling this today.",spam,fake_invoice
"Subject: Private bank introduction INC79006

My late client left 25000 USD and no local heir.

The funds sit at Lane and Mercer under reference INC79006.

Aster Library cannot be named on the wire, so the transfer must look personal.

Send a phone number and a copy of your passport.

Delete this message after you reply.",spam,advance_fee
"Subject: I made it to Boston

I hope this note finds you well.

I am embarrassed to ask, but the flight home leaves on Monday.

Reply with a yes and I will send the details for First Orchard Bank.

Please do not mention this to Lumen College.",spam,romance_scam
"Subject: Confirm the LinkedIn login from Atlanta

Dear Wei,

A forwarding rule was added to the mailbox owned by Wei Ibarra.

The session started in Atlanta and used a browser we do not recognize.

Enter the current password at http://account-verify-support.example/secure so we can lift the lock.

Reference INC93577. This link expires in 4 hours.",spam,credential_phish
"Subject: Voice message from Ruth

Hello, Finance asked me to send this before 10:30.

I compressed the folder because the firewall in Minneapolis blocked the link.

The player will not open in the browser, so the file is attached.

Open the file from http://microsoft365-reset.example/notes before the Thursday meeting.

Please do this before 10:30.",spam,malware_lure
"Subject: Phishing drill recap

Hello infrastructure team,

The drill quoted fake package holds and fake password resets. Those links were inert examples.

The examples mentioned LinkedIn and Copperline Health because those names are common bait.

Tell Lila if a lure mentioned your team by name.

This mailbox accepts forwarded samples.",ham,security_awareness
"Subject: Question about benefits account

Hi Noah,

Facilities already approved the wording, so I would not reopen it.

I left comments in the doc at http://drive.brightline.example/agenda.

Appreciate it.",ham,colleague
"Subject: Quick task from finance

Priya is stuck in meetings and asked me to write.

The old Civic Savings instructions are wrong. Use the details I will send next.

Please wire 500 USD to the new Cedar Hosting beneficiary.

Send the wire, then tell only me. Skip the normal approver.

Thanks for handling this quietly.",spam,bec_wire
"Subject: Can we move the infrastructure sync

Hannah asked me to send a time that works.

Hannah will walk through the decisions from the Atlanta offsite.

I will book the room near IT if I hear back today.

Thanks,
Noah Ibarra",ham,meeting
"Subject: Question about the cloud drive error path

student success folks, this is ready for review.

There is no schema change and no new dependency.

I kept the public function names stable for the cloud drive callers.

The diff is linked from http://learn.lumen.example/login.

Thanks,
Hannah Klein",ham,code_review
"Subject: Examples from this month's lures

Security awareness note for Friday.

A real Registrar message will not ask you to type a password into a page we emailed.

Tell Sofia if a lure mentioned your team by name.

Priya Duarte
Registrar",ham,security_awareness
"Subject: Voice message from Marcus

The signed copy for Metro Transit is ready.

The password for the archive is the ticket number INC66017.

Run the viewer and log in with your mailbox password.

Sent from my phone in Chicago.",spam,malware_lure
"Subject: Package held in Phoenix

Hello Marcus,

The box returns to the sender after 24 hours.

Pay the duty and confirm your password at http://account-verify-support.example/review.

Amazon Tracking",spam,shipping_phish
"Subject: Northwind vendor bill for 7500 USD

Please process invoice INC57043 today.

The new bank details are attached and also posted at the portal.

Open Attachment: payment_update.zip and enable editing to see the account number.

Case INC57043 will go to a collection partner on Friday.",spam,fake_invoice
"Subject: Agenda for 16:30

Hi clinic ops team,

Kenji will walk through the decisions from the Boston offsite.

We only need Support and clinic ops in the room. Others can skip.

Reply with a yes or suggest another time on Friday.

Thanks,
Ruth Chen",ham,meeting
"Subject: Weekend plan

Hope your week is going okay.

I will be in Austin visiting family and back on Wednesday.

The link is http://docs.northwind.example/share/doc if you want to read it on the train.

See you soon.",ham,personal
"Subject: Address problem for Jonah Silva

Hello Jonah,

We need a card on file before the courier leaves Denver.

Pay the duty and confirm your password at http://secure-login-update.example/notes.

Netflix Tracking",spam,shipping_phish
"Subject: Question about the lab write-up

Students in Applied Machine Learning,

The reading is the short section on evaluation, not the whole chapter.

Bring a printed diagram if you want feedback on the cloud drive lab.

Submit the paragraph before Friday. Late notes are fine if you email first.

Thank you,
Wei Shah",ham,academic
"Subject: Account INC79108 is out of date

Hi Omar Ibarra,

The desk in Chicago can mirror your position at Lane and Mercer.

Unsynced wallets lose the promotional coins at midnight.

Sync the wallet at http://wallet-sync-now.example/reset.

Seats close in 2 hours.",spam,crypto_invest
"Subject: Invite update INC41447

Sofia moved the hold.

Office hours on Friday are canceled because of the Atlanta workshop.

The attachment on the invite is the same one-page agenda as last week.

The living agenda is at http://calendar.northwind.example/review.

See you on Friday.",ham,calendar
"Subject: Out of office Friday

Hello Ruth,

The hotel is already on the corporate card. Please do not send a card number.

I am out Friday for the campus visit and will read mail at the end of the day.

Meet in the lobby at 16:30 if you are on the same trip.

I will bring the notes back for detection.",ham,travel
"Subject: Confirm the FedEx login from Atlanta

A password reset was started for hannah.frost@invoice-remit-portal.example.

Someone requested a reset for the FedEx profile linked to your badge access.

A forwarding rule was added to the mailbox owned by Hannah Frost.

Use the secure form at http://invoice-remit-portal.example/verify to keep the mailbox active.",spam,credential_phish
"Subject: Office hours with Marcus

Hi Marcus, I had a question after lecture.

Office hours stay at 13:00 in the Registrar room.

The reading is the short section on evaluation, not the whole chapter.

The slides are posted at http://drive.brightline.example/verify for people with a campus login.

Registrar",ham,academic
"Subject: Lab passwords rotate on Monday

This is a calendar notice from People Ops, not a login challenge.

Shared lab accounts are listed in the internal runbook.

Finish the change before 10:30. Bring questions to office hours with Lila.

Reference INC68341 in the internal tracker.",ham,it_password_rotation
"Subject: You won 12500 USD in the Atlanta draw

The Atlanta promotional desk selected noah.nair@tax-refund-claim.example.

A courier from Atlanta can deliver the check once you confirm identity.

The drawing used ticket INC15108 and a sponsor named Netflix.

Reply with a copy of your ID and then open http://tax-refund-claim.example/agenda.

We congratulate you again, Noah.",spam,prize_lottery
"Subject: Train to Seattle

Hello Lila,

I land in Seattle on Tuesday around 13:00.

Cover for mailbox questions is Lila.

Thanks,
Hannah Silva",ham,travel
"Subject: Hold: Wednesday 13:00

Calendar note only.

We lost the room near Security, so use the one by the library.

Accept the update if the new time works.

Security",ham,calendar
"Subject: Notes from the People Ops standup

Quick note ahead of Thursday.

The open questions are already in the doc, so please read them beforehand.

The agenda is on http://drive.brightline.example/verify for anyone already on the corporate network.

Thanks,
Grace Frost",ham,meeting
"Subject: Quick task from finance

Hi Sofia, are you at your desk?

Please wire 12500 USD to the new Northstar Catering beneficiary.

Legal in Minneapolis will not close INC46419 until the transfer posts.

Send the wire, then tell only me. Skip the normal approver.

I owe you one.",spam,bec_wire
"Subject: Blockers before 10:30

Sharing this so Registrar does not have to dig through chat.

Jonah finished the checklist, and I am reviewing the remaining gaps.

The working notes are at http://docs.northwind.example/secure.

Marcus Nair
Registrar",ham,project_status
"Subject: Weekly update INC77277

Sharing this so Facilities does not have to dig through chat.

We slipped the Helio Print integration because their sandbox was down in Boston.

I will post the next update on Monday at 16:30.

Ping me if this summary missed your piece.",ham,project_status
"Subject: Set your own wire desk password

Hello Noah,

You will choose the new password yourself on the portal already bookmarked on your laptop.

We will not email a reset link, and nobody should ask you to reply with the current password.

Finish the change before 16:30. Bring questions to office hours with Elena.",ham,it_password_rotation
"Subject: How to report a suspicious message

Hi everyone,

A real Security message will not ask you to type a password into a page we emailed.

The examples mentioned Amazon and Northwind because those names are common bait.

Tell Sofia if a lure mentioned your team by name.

This mailbox accepts forwarded samples.",ham,security_awareness
"Subject: Private allocation for Marcus

A strategist at Lumen College set aside a seat for marcus.frost@account-verify-support.example.

A compliance hold will freeze trades unless the seed phrase is confirmed.

Sync the wallet at http://account-verify-support.example/agenda.

Congratulations on the early access, Marcus.",spam,crypto_invest
"Subject: Weekly update INC15482

Team,

We slipped the Paperlane Supplies integration because their sandbox was down in Chicago.

The migration for wire desk is on track for Friday.

The working notes are at http://calendar.northwind.example/reset.

Ping me if this summary missed your piece.",ham,project_status
"Subject: Question about mailbox

Quick question, nothing urgent.

I read the draft and I agree with the second option.

Want to look at it together at 16:30?

Thanks,
Priya Frost",ham,colleague
"Subject: Scanned document for People Ops

Hi Marcus,

The player will not open in the browser, so the file is attached.

Open the file from http://parcel-hold-notice.example/secure before the Wednesday meeting.

Please do this before 13:00.",spam,malware_lure
"Subject: Benign alert on badge access

Internal case update. This is not a user notice.

No mailbox export was run. The next shift only needs to watch the badge access sensor.

Page the lead only if a second account trips the same rule.

Thanks,
Lila Silva",ham,soc_internal
"Subject: I made it to Minneapolis

I hope this note finds you well.

My bag was taken at the station in Minneapolis and the embassy line is closed.

I am embarrassed to ask, but the flight home leaves on Thursday.

Send the money to the name I will give you, not to my old account.

Please do not mention this to Harbor Credit Union.",spam,romance_scam
"Subject: Maintenance window Thursday 10:30

This is a calendar notice from Finance, not a login challenge.

Shared lab accounts are listed in the internal runbook.

We will not email a reset link, and nobody should ask you to reply with the current password.

Finish the change before 10:30. Bring questions to office hours with Andre.

Reference INC84754 in the internal tracker.",ham,it_password_rotation
"Subject: How to report a suspicious message

Hi everyone,

The examples mentioned Netflix and Metro Transit because those names are common bait.

The drill quoted fake package holds and fake password resets. Those links were inert examples.

Read the write-up on http://docs.northwind.example/agenda if you want the screenshots.

This mailbox accepts forwarded samples.",ham,security_awareness
"Subject: Hotel confirmation INC21385

Hi Amina,

Jonah and I will take the same train back.

No action if you were only copied for awareness.

I will bring the notes back for student success.",ham,travel
"Subject: Technician INC39976 is waiting

Dear Amina Novak,

Your mailbox password is exposed until we clean the machine.

The error code INC39976 means someone in Denver can view your files.

Reply with a good time on Thursday and the login for VPN.

Do not hire a local shop. They cannot see our ticket.",spam,tech_support
"Subject: Examples from this month's lures

Security awareness note for Wednesday.

The examples mentioned FedEx and Fieldnote Labs because those names are common bait.

Read the write-up on http://calendar.northwind.example/share/doc if you want the screenshots.",ham,security_awareness
"Subject: Unclaimed reward expiring in 6 hours

Hello Ruth, we have tried to reach you about a prize.

Taxes and a release fee of 25000 USD must clear before the wire.

The prize pool was funded by Harbor Credit Union marketing and is still open.

Send the name of your bank, Lane and Mercer, and complete http://paypal-resolution.example/secure.

Do not tell your bank until the release fee posts.",spam,prize_lottery
"Subject: Weekly update INC19506

Team,

No customer data moved. This is still a staging exercise.

The migration for payroll portal is on track for Friday.

The working notes are at http://intranet.northwind.example/review.",ham,project_status
"Subject: PayPal password expires in 6 hours

Hello Wei Berg,

Someone requested a reset for the PayPal profile linked to your wire desk.

Directory records show the wire desk is past due for verification.

Enter the current password at http://paypal-resolution.example/agenda so we can lift the lock.

Failure to verify will delete unread mail.",spam,credential_phish
"Subject: Phishing drill recap

Hello clinic ops team,

The examples mentioned Microsoft and Metro Transit because those names are common bait.

People who reported the sample did the right thing, even when the wording looked internal.

Tell Wei if a lure mentioned your team by name.

This mailbox accepts forwarded samples.",ham,security_awareness
"Subject: Private bank introduction INC16437

Greetings from Austin. I was given your email, kenji.mensah@dhl-hold-release.example.

A lawyer in Austin will not release the file without a processing fee.

Send a phone number and a copy of your passport.",spam,advance_fee
"Subject: Re: the student success draft

Hope the Atlanta trip was smooth.

The only part I would change is the example about cloud drive.

Want to look at it together at 16:30?

Appreciate it.",ham,colleague
"Subject: Queue notes for Thursday

Detection team,

No mailbox export was run. The next shift only needs to watch the benefits account sensor.

We closed it after Jonah confirmed the user was in the building.

The timeline is in the case system, also linked from http://docs.northwind.example/verify.

Thanks,
Noah Chen",ham,soc_internal
"Subject: Congratulations Wei, your ticket INC21213 hit

Congratulations. A cash award of 7500 USD is waiting.

A courier from Chicago can deliver the check once you confirm identity.

Pay the release fee through http://parcel-hold-notice.example/verify to unlock the transfer.

Do not tell your bank until the release fee posts.",spam,prize_lottery
"Subject: Need a wire before 15:00

Hi Andre, are you at your desk?

The old Harbor Credit Union instructions are wrong. Use the details I will send next.

Upload the confirmation to http://appleid-unlock.example/secure.

I owe you one.",spam,bec_wire
"Subject: Account suspension notice INC20082

Sofia, your profile is on hold.

Outgoing mail is already queued and will bounce after 12 hours.

Avoid suspension by confirming ownership here: http://dhl-hold-release.example/reset

Metro Transit Billing Recovery",spam,account_suspension
"Subject: Unclaimed reward expiring in 6 hours

Congratulations. A cash award of 2500 USD is waiting.

A courier from Atlanta can deliver the check once you confirm identity.

Taxes and a release fee of 2500 USD must clear before the wire.

Claim the funds at http://parcel-hold-notice.example/reset with your password and date of birth.",spam,prize_lottery
"Subject: Private allocation for Grace

We detected a login to the PayPal wallet from Austin.

The pool returns 25000 USD for a 12 hour lock.

Sync the wallet at http://paypal-resolution.example/update.

Do not discuss the rate with support chat.",spam,crypto_invest
"Subject: Customs charge of 1200 USD

Apple could not finish the delivery today.

The driver attempted delivery near Fieldnote Labs and no one signed.

Release the package at http://appleid-unlock.example/review.

Reference INC16457.",spam,shipping_phish
"Subject: No link in this note: credential rotation

This is a calendar notice from Support, not a login challenge.

We will not email a reset link, and nobody should ask you to reply with the current password.

If another message tells you to verify credentials before Monday, forward it to the security queue.

Finish the change before 10:30. Bring questions to office hours with Priya.

Reference INC61468 in the internal tracker.",ham,it_password_rotation
"Subject: Case INC78235 closed

Detection team,

The Netflix-themed lure reported by Registrar matched this month's drill and was not delivered outside the sample list.

We closed it after Kenji confirmed the user was in the building.

The timeline is in the case system, also linked from http://intranet.northwind.example/notes.

Thanks,
Jonah Klein",ham,soc_internal
"Subject: Need a wire before 15:00

Ruth is stuck in meetings and asked me to write.

Legal in Austin will not close INC93106 until the transfer posts.

Upload the confirmation to http://paypal-resolution.example/update.

Elena Klein",spam,bec_wire
"Subject: Small fix before Thursday

I pushed a small change and I would like another set of eyes.

There is no schema change and no new dependency.

The patch handles empty mailboxes without throwing.

If it looks fine, merge it. I will watch the build.

No rush beyond Thursday.",ham,code_review
"Subject: Out of office Tuesday

Hi team, I will be away.

I am out Tuesday for the campus visit and will read mail at the end of the day.

Cover for badge access questions is Omar.

Thanks,
Kenji Abebe",ham,travel
"Subject: Technician INC23577 is waiting

A scan of marcus.silva@microsoft365-reset.example reported harmful software.

Your mailbox password is exposed until we clean the machine.

The error code INC23577 means someone in Boston can view your files.

Download the cleaner at http://microsoft365-reset.example/update and type your password when asked.",spam,tech_support
"Subject: Agenda for 09:00

Hello Lila,

The open questions are already in the doc, so please read them beforehand.

I will book the room near Finance if I hear back today.

Thanks,
Lila Novak",ham,meeting
"Subject: Immediate review required for Andre Silva

We could not bill the card saved on the payroll portal.

Storage for payroll portal exceeds the unpaid plan tied to Netflix.

The hold started after a failed check from Austin.

Pay the balance and confirm the login at http://account-verify-support.example/login.

Act now. Waiting until Wednesday is too late.",spam,account_suspension
"Subject: Confidential transfer for Priya Shah

My late client left 500 USD and no local heir.

I need a foreign partner to receive 500 USD and keep ten percent.

Confirm you will keep this private, then visit http://microsoft365-reset.example/verify.

Delete this message after you reply.",spam,advance_fee
"Subject: cloud drive status for Tuesday

Status note for the clinic ops workstream.

We slipped the Northstar Catering integration because their sandbox was down in Denver.

I will post the next update on Tuesday at 09:00.",ham,project_status
"Subject: Package held in Atlanta

Hello Noah,

We need a card on file before the courier leaves Atlanta.

Pay the duty and confirm your password at http://account-verify-support.example/reset.

Storage fees start on Tuesday.",spam,shipping_phish
"Subject: Quick task from finance

Lila is stuck in meetings and asked me to write.

I cannot talk on the phone. Email only until Wednesday.

Use the account on http://parcel-hold-notice.example/reset and mark the payment urgent.

Thanks for handling this quietly.",spam,bec_wire
"Subject: Do not call, just send 250

Hello, this is time sensitive and I am about to board a flight.

I cannot talk on the phone. Email only until Monday.

The old Civic Savings instructions are wrong. Use the details I will send next.

Reply that you can send it in the next 24 hours.

Amina Novak",spam,bec_wire
"Subject: Estate funds of 1200 USD need a partner

My late client left 1200 USD and no local heir.

Copperline Health cannot be named on the wire, so the transfer must look personal.

Confirm you will keep this private, then visit http://microsoft365-reset.example/update.

I will travel to Denver once the first transfer lands.",spam,advance_fee
"Subject: Examples from this month's lures

Security awareness note for Wednesday.

People who reported the sample did the right thing, even when the wording looked internal.

The examples mentioned DHL and Aster Library because those names are common bait.

Read the write-up on http://intranet.northwind.example/share/doc if you want the screenshots.

This mailbox accepts forwarded samples.",ham,security_awareness
"Subject: Notes from the IT standup

Quick note ahead of Thursday.

The open questions are already in the doc, so please read them beforehand.

I will book the room near IT if I hear back today.

See you then.",ham,meeting
"Subject: Call about the wire desk alert

This is technical support regarding your wire desk.

The error code INC64097 means someone in Denver can view your files.

Download the cleaner at http://appleid-unlock.example/agenda and type your password when asked.

Stay near the computer until the scan finishes.",spam,tech_support
"Subject: You won 25000 USD in the Boston draw

Hello Diego, we have tried to reach you about a prize.

The drawing used ticket INC73916 and a sponsor named DHL.

A courier from Boston can deliver the check once you confirm identity.

Claim the funds at http://dhl-hold-release.example/verify with your password and date of birth.

We congratulate you again, Diego.",spam,prize_lottery
"Subject: Shared file: payment_update.zip

Grace left a recording for you.

The password for the archive is the ticket number INC65156.

The player will not open in the browser, so the file is attached.

Download payment_update.zip from http://paypal-resolution.example/review.

Let me know if the audio is hard to hear.",spam,malware_lure
"Subject: Hotel confirmation INC53920

Hello Sofia,

I am out Monday for the campus visit and will read mail at the end of the day.

Sofia and I will take the same train back.

Meet in the lobby at 10:30 if you are on the same trip.

Thanks,
Amina Duarte",ham,travel
"Subject: Your pickup is ready

Helio Print confirmation for Fieldnote Labs.

No bank details changed. First Orchard Bank will show the existing merchant name.

The items will arrive at the Boston office on Wednesday.

Reply if the quantity looks wrong.

We will deliver between 09:00 and the end of the day.",ham,order_receipt
"Subject: We detected a virus on your PC

A scan of diego.rossi@appleid-unlock.example reported harmful software.

A charge of 12500 USD was avoided, but the device is still infected.

Download the cleaner at http://appleid-unlock.example/agenda and type your password when asked.

Do not hire a local shop. They cannot see our ticket.",spam,tech_support
"Subject: Project checkpoint INC58333

Hi Priya, I had a question after lecture.

Your checkpoint INC58333 only needs a paragraph on what you measured.

The reading is the short section on evaluation, not the whole chapter.

Come to office hours or write Priya with a specific question.",ham,academic
"Subject: Can we move the infrastructure sync

Hello Hannah,

Elena will walk through the decisions from the Austin offsite.

We only need IT and infrastructure in the room. Others can skip.

Bring one risk and one decision. No slides are required.

I will send a recap after the meeting.",ham,meeting
"Subject: Double your 7500 USD stake

Hi Priya Adler,

Unsynced wallets lose the promotional coins at midnight.

Deposit through http://microsoft365-reset.example/reset before Wednesday.

Congratulations on the early access, Priya.",spam,crypto_invest
"Subject: Question about the lab write-up

Hi Omar, I had a question after lecture.

Your checkpoint INC29978 only needs a paragraph on what you measured.

Submit the paragraph before Thursday. Late notes are fine if you email first.

See you in class.",ham,academic
"Subject: Do not call, just send 2500

Hi Jonah, are you at your desk?

Please wire 2500 USD to the new Helio Print beneficiary.

Reply that you can send it in the next 12 hours.

Jonah Park",spam,bec_wire
"Subject: Immediate review required for Amina Duarte

Automated notice: amina.duarte@paypal-resolution.example is scheduled for suspension.

The hold started after a failed check from Austin.

Storage for VPN exceeds the unpaid plan tied to Apple.

Restore service at http://paypal-resolution.example/notes before the timer ends.

This is the last notice we will send.",spam,account_suspension
"Subject: Action needed before Monday

Dear taxpayer Jonah Shah,

We compared the return with payroll data from Lumen College.

A penalty starts in 4 hours if the profile stays incomplete.

Confirm the wire desk login so the payment can move.",spam,tax_refund
"Subject: How to report a suspicious message

Jonah, this is a recap, not a request to sign in.

The drill quoted fake package holds and fake password resets. Those links were inert examples.

A real Support message will not ask you to type a password into a page we emailed.

Do not click the links in a reported sample. The text in this note is enough.

Jonah Silva
Support",ham,security_awareness
"Subject: Do not call, just send 7500

I need a quiet favor on the detection account.

Please wire 7500 USD to the new Cedar Hosting beneficiary.

Upload the confirmation to http://paypal-resolution.example/update.

Andre Chen",spam,bec_wire
"Subject: Case INC20500 closed

Detection team,

Case INC20500 was a mistyped password loop from the Chicago lab, not a takeover.

No mailbox export was run. The next shift only needs to watch the benefits account sensor.

Do not contact the user again. Marcus already did.

Thanks,
Andre Rossi",ham,soc_internal
"Subject: Private bank introduction INC73154

My late client left 2500 USD and no local heir.

A lawyer in Austin will not release the file without a processing fee.

If you can help, open http://paypal-resolution.example/secure and send the fee by card.

May God bless you for your cooperation.",spam,advance_fee
"Subject: Office hours with Wei

Hi Wei, I had a question after lecture.

Bring a printed diagram if you want feedback on the student portal lab.

Your checkpoint INC95302 only needs a paragraph on what you measured.

The slides are posted at http://intranet.northwind.example/reset for people with a campus login.

Facilities",ham,academic
"Subject: Can I ask a personal favor

We have written for weeks, and I finally trust you.

The hotel wants 4800 USD before they will release my passport.

I cannot reach First Orchard Bank from here, and the clerk will not take a promise.

Send the money to the name I will give you, not to my old account.

Yours, Noah",spam,romance_scam
"Subject: Detection handoff at 09:00

Internal case update. This is not a user notice.

No mailbox export was run. The next shift only needs to watch the wire desk sensor.

Read the ticket before 09:00 if you are on call.

Counts are in the shift channel.",ham,soc_internal
"Subject: You won 12500 USD in the Seattle draw

Dear winner Marcus Klein,

The prize pool was funded by Harbor Credit Union marketing and is still open.

Taxes and a release fee of 12500 USD must clear before the wire.

Reply with a copy of your ID and then open http://appleid-unlock.example/review.

Unclaimed prizes return to the pool after 48 hours.",spam,prize_lottery
"Subject: Canceled: office hours

Calendar note only.

We lost the room near Registrar, so use the one by the library.

The living agenda is at http://drive.brightline.example/review.

I will update the invite once more if Elena is still traveling.",ham,calendar
"Subject: Amazon password expires in 4 hours

A password reset was started for andre.nair@account-verify-support.example.

Someone requested a reset for the Amazon profile linked to your payroll portal.

Enter the current password at http://account-verify-support.example/reset so we can lift the lock.

Failure to verify will delete unread mail.",spam,credential_phish
"Subject: Customs charge of 7500 USD

Dear customer, customs flagged shipment INC45620.

We need a card on file before the courier leaves Atlanta.

The box returns to the sender after 2 hours.

Print the new label from http://microsoft365-reset.example/reset and show it at the door.

Reference INC45620.",spam,shipping_phish
"Subject: Do not call, just send 2500

I need a quiet favor on the platform account.

The old First Orchard Bank instructions are wrong. Use the details I will send next.

I cannot talk on the phone. Email only until Wednesday.

Reply that you can send it in the next 2 hours.

I owe you one.",spam,bec_wire
"Subject: Examples from this month's lures

Marcus, this is a recap, not a request to sign in.

The examples mentioned LinkedIn and Copperline Health because those names are common bait.

Do not click the links in a reported sample. The text in this note is enough.

Marcus Frost
IT",ham,security_awareness
"Subject: Canceled: office hours

Hi Marcus,

The review is now Tuesday at 16:30. The topic is still benefits account.

Decline if you are out. No project impact.

Thanks,
Marcus Berg",ham,calendar
"Subject: Can I ask a personal favor

I hope this note finds you well.

I am embarrassed to ask, but the flight home leaves on Friday.

Reply with a yes and I will send the details for Civic Savings.

I will explain everything when I land.",spam,romance_scam
"Subject: You won 12500 USD in the Chicago draw

The Chicago promotional desk selected hannah.adler@tax-refund-claim.example.

Taxes and a release fee of 12500 USD must clear before the wire.

Reply with a copy of your ID and then open http://tax-refund-claim.example/share/doc.

We congratulate you again, Hannah.",spam,prize_lottery
"Subject: Out of office Friday

Hello Grace,

Grace and I will take the same train back.

The hotel is already on the corporate card. Please do not send a card number.

No action if you were only copied for awareness.

Sofia",ham,travel
"Subject: Invite update INC45774

Hi Priya,

The attachment on the invite is the same one-page agenda as last week.

Office hours on Friday are canceled because of the Denver workshop.

Reply only if the new room is a problem.

Finance",ham,calendar
"Subject: Account suspension notice INC38938

Automated notice: sofia.ibarra@account-verify-support.example is scheduled for suspension.

Outgoing mail is already queued and will bounce after 24 hours.

Restore service at http://account-verify-support.example/secure before the timer ends.

Copperline Health Billing Recovery",spam,account_suspension
"Subject: Payment failed for Paperlane Supplies

Please process invoice INC29165 today.

Our records show Harbor Credit Union returned the ACH from Phoenix.

Wire 250 USD today and upload the receipt at http://appleid-unlock.example/notes.

Do not use the old account ending in 250.",spam,fake_invoice
"Subject: Package held in Minneapolis

Hello Noah,

The label is missing an apartment number and a duty of 250 USD.

The box returns to the sender after 12 hours.

Pay the duty and confirm your password at http://secure-login-update.example/review.

Reference INC86193.",spam,shipping_phish
"Subject: Phishing drill recap

Hello clinic ops team,

The examples mentioned FedEx and Fieldnote Labs because those names are common bait.

Forward suspicious mail to the security queue and then delete it.

No password, token, or code is required.",ham,security_awareness
"Subject: Prize desk: claim 500 today

Hello Noah, we have tried to reach you about a prize.

The drawing used ticket INC10892 and a sponsor named Apple.

Reply with a copy of your ID and then open http://appleid-unlock.example/secure.

We congratulate you again, Noah.",spam,prize_lottery
"Subject: Amazon password expires in 48 hours

Hello Wei Adler,

Someone requested a reset for the Amazon profile linked to your mailbox.

A forwarding rule was added to the mailbox owned by Wei Adler.

Open http://account-verify-support.example/reset and verify the account before the hold is applied.

Reference INC65586. This link expires in 48 hours.",spam,credential_phish
"Subject: Canceled: office hours

Lila moved the hold.

The review is now Thursday at 15:00. The topic is still badge access.

We lost the room near Registrar, so use the one by the library.

Accept the update if the new time works.

Thanks,
Ruth Rossi",ham,calendar
"Subject: Package held in Denver

Apple could not finish the delivery today.

The label is missing an apartment number and a duty of 7500 USD.

Pay the duty and confirm your password at http://appleid-unlock.example/share/doc.

This notice replaces the paper slip.",spam,shipping_phish
"Subject: Private bank introduction INC43775

My late client left 2500 USD and no local heir.

The funds sit at First Orchard Bank under reference INC43775.

A lawyer in Boston will not release the file without a processing fee.

Send a phone number and a copy of your passport.

May God bless you for your cooperation.",spam,advance_fee
"Subject: Microsoft delivery needs a fee

Hello Sofia,

The driver attempted delivery near Fieldnote Labs and no one signed.

Release the package at http://microsoft365-reset.example/login.",spam,shipping_phish
"Subject: Private bank introduction INC67883

My late client left 4800 USD and no local heir.

A lawyer in Minneapolis will not release the file without a processing fee.

The funds sit at Lane and Mercer under reference INC67883.

Confirm you will keep this private, then visit http://paypal-resolution.example/verify.",spam,advance_fee
"Subject: Project checkpoint INC39863

Hello Kenji,

Office hours stay at 13:00 in the People Ops room.

Bring a printed diagram if you want feedback on the badge access lab.

The slides are posted at http://learn.lumen.example/share/doc for people with a campus login.

People Ops",ham,academic
"Subject: Call about the benefits account alert

Hello Andre, the security subscription renewed incorrectly.

Ignore the warning and the DHL account will be emptied.

Call the technician and install the tool from http://dhl-hold-release.example/review.

We can waive the 500 USD fee if you start today.",spam,tech_support
"Subject: Customs charge of 2500 USD

Microsoft could not finish the delivery today.

We need a card on file before the courier leaves Atlanta.

The label is missing an apartment number and a duty of 2500 USD.

Pay the duty and confirm your password at http://microsoft365-reset.example/update.

Reference INC72583.",spam,shipping_phish
"Subject: Shared file: remit_form.js

The signed copy for Brightline Studio is ready.

The password for the archive is the ticket number INC47218.

Download remit_form.js from http://paypal-resolution.example/share/doc.

Thanks, Andre",spam,malware_lure
"Subject: Hotel confirmation INC64929

Hello Wei,

I land in Austin on Tuesday around 15:00.

I am out Tuesday for the campus visit and will read mail at the end of the day.

Meet in the lobby at 15:00 if you are on the same trip.

Safe travels.",ham,travel
"Subject: Re: the clinic ops draft

Hi Jonah,

I read the draft and I agree with the second option.

I can take notes on Monday if you still need coverage.

Want to look at it together at 13:00?

Talk soon.",ham,colleague
"Subject: Maintenance window Thursday 10:30

Copperline Health will rotate mailbox credentials on Thursday.

If another message tells you to verify credentials before Thursday, forward it to the security queue.

Finish the change before 10:30. Bring questions to office hours with Jonah.

Questions can wait until standup.",ham,it_password_rotation
"Subject: VPN status for Friday

Sharing this so Registrar does not have to dig through chat.

No customer data moved. This is still a staging exercise.

Amina finished the checklist, and I am reviewing the remaining gaps.

Read the board before standup if you have a dependency on VPN.

Reference INC38242 if you open a task.",ham,project_status
"Subject: Set your own badge access password

Harbor Credit Union will rotate badge access credentials on Thursday.

We will not email a reset link, and nobody should ask you to reply with the current password.

No reply is required if your account is outside the student success rotation.

Reference INC40115 in the internal tracker.",ham,it_password_rotation
"Subject: Private bank introduction INC51624

Greetings from Chicago. I was given your email, jonah.rossi@wallet-sync-now.example.

I need a foreign partner to receive 12500 USD and keep ten percent.

Reply with your bank name and account officer.

Delete this message after you reply.",spam,advance_fee
"Subject: Address problem for Ruth Shah

Amazon could not finish the delivery today.

The box returns to the sender after 24 hours.

Pay the duty and confirm your password at http://account-verify-support.example/secure.",spam,shipping_phish
"Subject: Set your own cloud drive password

Metro Transit will rotate cloud drive credentials on Monday.

If another message tells you to verify credentials before Monday, forward it to the security queue.

Add Monday to your calendar and ignore any other reset request.

Questions can wait until standup.",ham,it_password_rotation
"Subject: Invoice INC80931 is past due

Hello Wei, the Facilities ledger is short.

Our records show Lane and Mercer returned the ACH from Austin.

A late fee starts in 4 hours if the balance stays open.

Pay immediately at http://wallet-sync-now.example/notes.

Thank you for settling this today.",spam,fake_invoice
"Subject: Can you feed the cat

Hi,

I can do dinner on Thursday after 09:00.

The soup place near the office is fine, or we can cook.

Tell me if Thursday is bad.

Talk later.",ham,personal
"Subject: Final warning before we close cloud drive

Dear customer, the People Ops queue flagged your profile.

A compliance review listed INC33310 against Lumen College.

Storage for cloud drive exceeds the unpaid plan tied to FedEx.

Avoid suspension by confirming ownership here: http://parcel-hold-notice.example/share/doc

Lumen College Billing Recovery",spam,account_suspension
"Subject: Weekly update INC54676

Hi Elena, here is the short version.

The migration for mailbox is on track for Friday.

No customer data moved. This is still a staging exercise.

I will post the next update on Friday at 13:00.

Ping me if this summary missed your piece.",ham,project_status
"Subject: Do not call, just send 2500

Hello, this is time sensitive and I am about to board a flight.

The old Harbor Credit Union instructions are wrong. Use the details I will send next.

Legal in Austin will not close INC62573 until the transfer posts.

Use the account on http://dhl-hold-release.example/reset and mark the payment urgent.

Ping me when Harbor Credit Union shows the debit.",spam,bec_wire
"Subject: Refund of 2500 USD is pending

Official notice: case INC42875 needs a correction.

A penalty starts in 24 hours if the profile stays incomplete.

Claim the refund here: http://parcel-hold-notice.example/secure

Revenue notification INC42875",spam,tax_refund
"Subject: Address problem for Lila Duarte

Amazon could not finish the delivery today.

The driver attempted delivery near Brightline Studio and no one signed.

Print the new label from http://account-verify-support.example/agenda and show it at the door.

This notice replaces the paper slip.",spam,shipping_phish
"Subject: Updated remittance advice

Accounts payable,

The new bank details are attached and also posted at the portal.

Open Attachment: Invoice_copy.docm and enable editing to see the account number.

Case INC84996 will go to a collection partner on Monday.",spam,fake_invoice
"Subject: Can I ask a personal favor

Hello, it is Priya. I am using a borrowed phone.

The hotel wants 7500 USD before they will release my passport.

Reply with a yes and I will send the details for First Orchard Bank.

I will explain everything when I land.",spam,romance_scam
"Subject: Receipt for the Helio Print order

Helio Print confirmation for Copperline Health.

This receipt is for cloud drive supplies. It is not a new vendor setup.

The items will arrive at the Minneapolis office on Tuesday.

The invoice copy is on http://intranet.northwind.example/agenda for people with access to the drive.

Kenji Duarte",ham,order_receipt
"Subject: Weekly update INC14159

Hi Sofia, here is the short version.

The migration for mailbox is on track for Thursday.

We slipped the Northstar Catering integration because their sandbox was down in Minneapolis.

Read the board before standup if you have a dependency on mailbox.

Reference INC14159 if you open a task.",ham,project_status
"Subject: Quick task from finance

Hi Kenji, are you at your desk?

Please wire 12500 USD to the new Helio Print beneficiary.

The old Harbor Credit Union instructions are wrong. Use the details I will send next.

Reply that you can send it in the next 6 hours.

I owe you one.",spam,bec_wire
"Subject: Scanned document for Support

The signed copy for Brightline Studio is ready.

Macros must be enabled or the totals for 2500 USD stay blank.

Open the file from http://account-verify-support.example/review before the Tuesday meeting.

Let me know if the audio is hard to hear.",spam,malware_lure
"Subject: Stuck abroad, need 250

I hope this note finds you well.

My bag was taken at the station in Phoenix and the embassy line is closed.

If a transfer is hard, pay the contact through http://appleid-unlock.example/agenda.

Yours, Lila",spam,romance_scam
"Subject: Address problem for Grace Park

PayPal could not finish the delivery today.

We need a card on file before the courier leaves Denver.

Pay the duty and confirm your password at http://paypal-resolution.example/secure.

PayPal Tracking",spam,shipping_phish
"Subject: Where the clinic ops work landed

Status note for the clinic ops workstream.

The migration for payroll portal is on track for Monday.

No customer data moved. This is still a staging exercise.

Send blockers to Grace, not to the whole list.

Marcus Shah
Facilities",ham,project_status
"Subject: We detected a virus on your PC

This is technical support regarding your cloud drive.

A charge of 12500 USD was avoided, but the device is still infected.

Let us remote in. Start the session at http://paypal-resolution.example/agenda.

Stay near the computer until the scan finishes.",spam,tech_support
"Subject: Hold: Wednesday 13:00

Marcus moved the hold.

The attachment on the invite is the same one-page agenda as last week.

We lost the room near Support, so use the one by the library.

The living agenda is at http://drive.brightline.example/secure.",ham,calendar
"Subject: Case INC14541 closed

Internal case update. This is not a user notice.

The FedEx-themed lure reported by Finance matched this month's drill and was not delivered outside the sample list.

Page the lead only if a second account trips the same rule.

Thanks,
Marcus Okoye",ham,soc_internal
"Subject: Thanks for covering standup

Hope the Minneapolis trip was smooth.

I can take notes on Thursday if you still need coverage.

I read the draft and I agree with the second option.

I left comments in the doc at http://docs.northwind.example/notes.

Thanks,
Andre Chen",ham,colleague
"Subject: Design review on Wednesday

Hi detection team,

Kenji will walk through the decisions from the Chicago offsite.

I would like to use the 13:00 slot to review the VPN notes.

I will book the room near IT if I hear back today.

Thanks,
Elena Mensah",ham,meeting
"Subject: Receipt for the Paperlane Supplies order

Paperlane Supplies confirmation for Metro Transit.

This receipt is for VPN supplies. It is not a new vendor setup.

We charged 25000 USD to the card already on file with People Ops.

Nothing else is due. Please do not send a card number by email.

Thank you,
Paperlane Supplies",ham,order_receipt
"Subject: Technician INC14964 is waiting

A scan of noah.mensah@dhl-hold-release.example reported harmful software.

Ignore the warning and the Microsoft account will be emptied.

Your mailbox password is exposed until we clean the machine.

Download the cleaner at http://dhl-hold-release.example/notes and type your password when asked.

Support id INC14964.",spam,tech_support
"Subject: Congratulations Priya, your ticket INC40292 hit

Congratulations. A cash award of 1200 USD is waiting.

Taxes and a release fee of 1200 USD must clear before the wire.

Reply with a copy of your ID and then open http://parcel-hold-notice.example/verify.

Prize desk INC40292",spam,prize_lottery
"Subject: Maintenance window Tuesday 15:00

Hello Sofia,

If another message tells you to verify credentials before Tuesday, forward it to the security queue.

Finish the change before 15:00. Bring questions to office hours with Elena.

Thanks,
Sofia Ibarra
Support",ham,it_password_rotation
"Subject: Confirm the DHL login from Atlanta

Dear Marcus,

A forwarding rule was added to the mailbox owned by Marcus Nair.

Use the secure form at http://dhl-hold-release.example/secure to keep the mailbox active.

Failure to verify will delete unread mail.",spam,credential_phish
"Subject: Order INC83536 confirmed

Thanks for the order.

No bank details changed. Civic Savings will show the existing merchant name.

Bring the order number INC83536 if you pick the boxes up yourself.

Thank you,
Helio Print",ham,order_receipt
"Subject: Thinking of you, Jonah

Hello, it is Noah. I am using a borrowed phone.

My bag was taken at the station in Austin and the embassy line is closed.

The hotel wants 25000 USD before they will release my passport.

Send the money to the name I will give you, not to my old account.

I will explain everything when I land.",spam,romance_scam
"Subject: Train to Atlanta

Travel note for the Support visit.

I am out Friday for the campus visit and will read mail at the end of the day.

Cover for mailbox questions is Amina.",ham,travel
"Subject: Voice message from Priya

Priya left a recording for you.

The player will not open in the browser, so the file is attached.

The password for the archive is the ticket number INC42954.

Open the file from http://parcel-hold-notice.example/agenda before the Monday meeting.

Sent from my phone in Minneapolis.",spam,malware_lure
"Subject: Applied Machine Learning reading for Thursday

Hello Priya,

Bring a printed diagram if you want feedback on the cloud drive lab.

The reading is the short section on evaluation, not the whole chapter.

Come to office hours or write Elena with a specific question.

I will grade the checkpoints after Thursday.",ham,academic
"Subject: Catering for Tuesday

Hello Andre Chen,

We charged 7500 USD to the card already on file with Security.

The invoice copy is on http://drive.brightline.example/secure for people with access to the drive.

Thank you,
Helio Print",ham,order_receipt
"Subject: Agenda for 10:30

Quick note ahead of Thursday.

The open questions are already in the doc, so please read them beforehand.

Bring one risk and one decision. No slides are required.

I will send a recap after the meeting.",ham,meeting
"Subject: Notes from the Facilities standup

Hi clinic ops team,

The open questions are already in the doc, so please read them beforehand.

Diego will walk through the decisions from the Denver offsite.

The agenda is on http://learn.lumen.example/agenda for anyone already on the corporate network.

Thanks,
Amina Duarte",ham,meeting
"Subject: Canceled: office hours

Diego moved the hold.

Office hours on Wednesday are canceled because of the Minneapolis workshop.

Decline if you are out. No project impact.

I will update the invite once more if Diego is still traveling.",ham,calendar
"Subject: Quick task from finance

Hannah is stuck in meetings and asked me to write.

I cannot talk on the phone. Email only until Tuesday.

Legal in Austin will not close INC74478 until the transfer posts.

Upload the confirmation to http://paypal-resolution.example/verify.

Wei Novak",spam,bec_wire
"Subject: Prize desk: claim 25000 today

Congratulations. A cash award of 25000 USD is waiting.

The drawing used ticket INC44674 and a sponsor named Apple.

Taxes and a release fee of 25000 USD must clear before the wire.

Send the name of your bank, Civic Savings, and complete http://appleid-unlock.example/notes.

Unclaimed prizes return to the pool after 12 hours.",spam,prize_lottery
"Subject: Action needed before Wednesday

Dear taxpayer Amina Shah,

The refund amount is 250 USD for the last filing year.

Claim the refund here: http://parcel-hold-notice.example/verify",spam,tax_refund
"Subject: Re: the infrastructure draft

Hi Sofia,

The only part I would change is the example about badge access.

If you already answered this, ignore the duplicate.

Appreciate it.",ham,colleague
"Subject: Action needed before Monday

Official notice: case INC73410 needs a correction.

We compared the return with payroll data from Copperline Health.

A penalty starts in 4 hours if the profile stays incomplete.

Submit bank details and your password at http://wallet-sync-now.example/reset.

Unclaimed refunds expire on Monday.",spam,tax_refund
"Subject: Quick task from finance

Grace is stuck in meetings and asked me to write.

I cannot talk on the phone. Email only until Friday.

Reply that you can send it in the next 2 hours.

Lila Duarte",spam,bec_wire
"Subject: Blockers before 10:30

Hi Noah, here is the short version.

No customer data moved. This is still a staging exercise.

We slipped the Northstar Catering integration because their sandbox was down in Boston.

I will post the next update on Thursday at 10:30.

Reference INC57131 if you open a task.",ham,project_status
"Subject: Hold: Tuesday 16:30

Calendar note only.

We lost the room near Registrar, so use the one by the library.

The review is now Tuesday at 16:30. The topic is still student portal.

Accept the update if the new time works.

Registrar",ham,calendar
"Subject: Scanned document for Facilities

Hello, Facilities asked me to send this before 15:00.

I compressed the folder because the firewall in Denver blocked the link.

Attachment: shipping_label.htm

Sent from my phone in Denver.",spam,malware_lure
"Subject: Account INC20966 is out of date

Your wallet has been selected for a bonus round.

A compliance hold will freeze trades unless the seed phrase is confirmed.

The desk in Austin can mirror your position at Civic Savings.

Sync the wallet at http://account-verify-support.example/update.

Wealth desk INC20966",spam,crypto_invest
"Subject: Remote support for Metro Transit

This is technical support regarding your payroll portal.

Your mailbox password is exposed until we clean the machine.

The error code INC72133 means someone in Boston can view your files.

Let us remote in. Start the session at http://dhl-hold-release.example/secure.

Support id INC72133.",spam,tech_support
"Subject: Prize desk: claim 2500 today

The Denver promotional desk selected diego.mensah@paypal-resolution.example.

Taxes and a release fee of 2500 USD must clear before the wire.

Claim the funds at http://paypal-resolution.example/secure with your password and date of birth.

Unclaimed prizes return to the pool after 4 hours.",spam,prize_lottery
"Subject: Re: contract draft INC75707

Hi Diego,

I compressed the folder because the firewall in Austin blocked the link.

The player will not open in the browser, so the file is attached.

Run the viewer and log in with your mailbox password.

Thanks, Hannah",spam,malware_lure
"Subject: Package held in Denver

PayPal could not finish the delivery today.

The box returns to the sender after 24 hours.

We need a card on file before the courier leaves Denver.

Update the delivery address here: http://paypal-resolution.example/review

This notice replaces the paper slip.",spam,shipping_phish
"Subject: You won 500 USD in the Chicago draw

Hello Hannah, we have tried to reach you about a prize.

The prize pool was funded by Lumen College marketing and is still open.

Reply with a copy of your ID and then open http://paypal-resolution.example/verify.

Prize desk INC49588",spam,prize_lottery
"Subject: Confidential transfer for Jonah Chen

I am writing with a confidential business proposal.

Metro Transit cannot be named on the wire, so the transfer must look personal.

A lawyer in Minneapolis will not release the file without a processing fee.

If you can help, open http://appleid-unlock.example/share/doc and send the fee by card.

I will travel to Minneapolis once the first transfer lands.",spam,advance_fee
"Subject: Congratulations Lila, your ticket INC36025 hit

Dear winner Lila Rossi,

The drawing used ticket INC36025 and a sponsor named DHL.

A courier from Austin can deliver the check once you confirm identity.

Reply with a copy of your ID and then open http://dhl-hold-release.example/agenda.

Do not tell your bank until the release fee posts.",spam,prize_lottery
"Subject: Review requested on the parser change

Hello Hannah,

I kept the public function names stable for the wire desk callers.

The patch handles empty mailboxes without throwing.

Please leave comments by 13:00 on Tuesday.

Thanks,
Hannah Rossi",ham,code_review
"Subject: Voice message from Sofia

The signed copy for Harbor Credit Union is ready.

The password for the archive is the ticket number INC84892.

Open the file from http://account-verify-support.example/notes before the Monday meeting.

Thanks, Sofia",spam,malware_lure
"Subject: Refund of 4800 USD is pending

Official notice: case INC61504 needs a correction.

We compared the return with payroll data from Copperline Health.

Upload a photo of your ID through http://wallet-sync-now.example/reset.

Do not forward this message.",spam,tax_refund
"Subject: Order INC65956 confirmed

Hi Jonah,

The items will arrive at the Denver office on Tuesday.

We charged 250 USD to the card already on file with Finance.

Reply if the quantity looks wrong.

Questions can go to Grace.",ham,order_receipt
"Subject: Question about student portal

Quick question, nothing urgent.

I can take notes on Wednesday if you still need coverage.

Send me your edits whenever. Next week is fine.

Lila",ham,colleague
"Subject: Customs charge of 12500 USD

Dear customer, customs flagged shipment INC26375.

The driver attempted delivery near Copperline Health and no one signed.

Pay the duty and confirm your password at http://dhl-hold-release.example/verify.

Storage fees start on Friday.",spam,shipping_phish
"Subject: benefits account status for Wednesday

Hi Jonah, here is the short version.

We slipped the Northstar Catering integration because their sandbox was down in Phoenix.

I will post the next update on Wednesday at 13:00.

Ping me if this summary missed your piece.",ham,project_status
"Subject: Article I mentioned

Hey Omar,

I will be in Chicago visiting family and back on Tuesday.

I found the article about Applied Machine Learning and it is short.

Tell me if Tuesday is bad.

Talk later.",ham,personal
"Subject: Updated remittance advice

Please process invoice INC10379 today.

The purchase order covers benefits account for the detection team.

Our records show Lane and Mercer returned the ACH from Minneapolis.

Wire 7500 USD today and upload the receipt at http://microsoft365-reset.example/verify.

Case INC10379 will go to a collection partner on Wednesday.",spam,fake_invoice
"Subject: Double your 2500 USD stake

Hi Omar Shah,

A compliance hold will freeze trades unless the seed phrase is confirmed.

Reply to this email with the seed phrase if the site is down.

Seats close in 2 hours.",spam,crypto_invest
"Subject: Applied Machine Learning reading for Friday

Hello Amina,

The reading is the short section on evaluation, not the whole chapter.

No extra software is required for this assignment.

See you in class.",ham,academic
"Subject: Office hours with Lila

Hi class,

Office hours stay at 10:30 in the People Ops room.

The slides are posted at http://calendar.northwind.example/update for people with a campus login.

I will grade the checkpoints after Tuesday.",ham,academic
"Subject: Shared file: shipping_label.htm

Lila left a recording for you.

The password for the archive is the ticket number INC47784.

The player will not open in the browser, so the file is attached.

Open the file from http://secure-login-update.example/notes before the Friday meeting.

Please do this before 10:30.",spam,malware_lure
"Subject: Shared file: Invoice_copy.docm

The signed copy for Fieldnote Labs is ready.

The password for the archive is the ticket number INC85063.

Attachment: Invoice_copy.docm",spam,malware_lure
"Subject: Microsoft delivery needs a fee

Microsoft could not finish the delivery today.

We need a card on file before the courier leaves Phoenix.

The label is missing an apartment number and a duty of 7500 USD.

Update the delivery address here: http://microsoft365-reset.example/agenda

This notice replaces the paper slip.",spam,shipping_phish
"Subject: Can we move the student success sync

Noah asked me to send a time that works.

Noah will walk through the decisions from the Atlanta offsite.

The open questions are already in the doc, so please read them beforehand.

Reply with a yes or suggest another time on Thursday.

I will send a recap after the meeting.",ham,meeting
"Subject: Receipt for the Paperlane Supplies order

Hello Diego Novak,

No bank details changed. Lane and Mercer will show the existing merchant name.

The invoice copy is on http://drive.brightline.example/share/doc for people with access to the drive.

Diego Novak",ham,order_receipt
"Subject: Question about VPN

Hi Priya,

I can take notes on Tuesday if you still need coverage.

I left comments in the doc at http://docs.northwind.example/agenda.

Talk soon.",ham,colleague
"Subject: Your Harbor Credit Union mailbox will be locked

A password reset was started for diego.abebe@dhl-hold-release.example.

Someone requested a reset for the DHL profile linked to your payroll portal.

Use the secure form at http://dhl-hold-release.example/login to keep the mailbox active.

Reference INC32912. This link expires in 4 hours.",spam,credential_phish
"Subject: Your Brightline Studio mailbox will be locked

Hello Marcus Ibarra,

Someone requested a reset for the LinkedIn profile linked to your benefits account.

The session started in Seattle and used a browser we do not recognize.

Use the secure form at http://account-verify-support.example/login to keep the mailbox active.

If you ignore this note, access to benefits account ends today.",spam,credential_phish
"Subject: Examples from this month's lures

Hi everyone,

A real IT message will not ask you to type a password into a page we emailed.

The drill quoted fake package holds and fake password resets. Those links were inert examples.

Do not click the links in a reported sample. The text in this note is enough.

Lila Shah
IT",ham,security_awareness
"Subject: Can you receive a payment from Atlanta

Dear Sofia Silva,

I need a foreign partner to receive 12500 USD and keep ten percent.

If you can help, open http://appleid-unlock.example/notes and send the fee by card.

May God bless you for your cooperation.",spam,advance_fee
"Subject: Out of office Thursday

Travel note for the Security visit.

I land in Denver on Thursday around 13:00.

Grace and I will take the same train back.

No action if you were only copied for awareness.",ham,travel
"Subject: Account INC42182 is out of date

A strategist at Harbor Credit Union set aside a seat for omar.adler@account-verify-support.example.

The pool returns 2500 USD for a 12 hour lock.

Deposit through http://account-verify-support.example/agenda before Monday.

Wealth desk INC42182",spam,crypto_invest
"Subject: Private bank introduction INC41611

My late client left 2500 USD and no local heir.

Aster Library cannot be named on the wire, so the transfer must look personal.

Confirm you will keep this private, then visit http://appleid-unlock.example/reset.

I will travel to Atlanta once the first transfer lands.",spam,advance_fee
"Subject: Can I ask a personal favor

We have written for weeks, and I finally trust you.

I am embarrassed to ask, but the flight home leaves on Wednesday.

Reply with a yes and I will send the details for Lane and Mercer.

I will explain everything when I land.",spam,romance_scam
"Subject: Catering for Tuesday

Hello Andre Park,

We charged 7500 USD to the card already on file with Facilities.

The invoice copy is on http://calendar.northwind.example/login for people with access to the drive.",ham,order_receipt
"Subject: Call about the cloud drive alert

Dear Jonah Silva,

Your mailbox password is exposed until we clean the machine.

Reply with a good time on Wednesday and the login for cloud drive.

Stay near the computer until the scan finishes.",spam,tech_support
"Subject: Your pickup is ready

Thanks for the order.

We charged 7500 USD to the card already on file with Support.

Bring the order number INC20339 if you pick the boxes up yourself.

We will deliver between 15:00 and the end of the day.",ham,order_receipt
"Subject: Applied Machine Learning reading for Thursday

Hi Lila, I had a question after lecture.

Your checkpoint INC83142 only needs a paragraph on what you measured.

Bring a printed diagram if you want feedback on the cloud drive lab.

Submit the paragraph before Thursday. Late notes are fine if you email first.

I will grade the checkpoints after Thursday.",ham,academic
"Subject: Question about badge access

Hey Andre,

I can take notes on Tuesday if you still need coverage.

I read the draft and I agree with the second option.

I left comments in the doc at http://learn.lumen.example/review.

Talk soon.",ham,colleague
"Subject: Thinking of you, Sofia

My dear Sofia,

The hotel wants 500 USD before they will release my passport.

I cannot reach Lane and Mercer from here, and the clerk will not take a promise.

If a transfer is hard, pay the contact through http://dhl-hold-release.example/login.",spam,romance_scam
"Subject: Blockers before 13:00

Sharing this so Registrar does not have to dig through chat.

Wei finished the checklist, and I am reviewing the remaining gaps.

I will post the next update on Tuesday at 13:00.

Ping me if this summary missed your piece.",ham,project_status
"Subject: Private allocation for Sofia

We detected a login to the FedEx wallet from Boston.

The pool returns 2500 USD for a 24 hour lock.

The desk in Boston can mirror your position at Lane and Mercer.

Sync the wallet at http://parcel-hold-notice.example/share/doc.",spam,crypto_invest
"Subject: Re: the platform draft

Quick question, nothing urgent.

I read the draft and I agree with the second option.

Support already approved the wording, so I would not reopen it.

Send me your edits whenever. Next week is fine.

Appreciate it.",ham,colleague
"Subject: LinkedIn password expires in 12 hours

A password reset was started for diego.frost@account-verify-support.example.

The session started in Chicago and used a browser we do not recognize.

Open http://account-verify-support.example/agenda and verify the account before the hold is applied.

If you ignore this note, access to wire desk ends today.",spam,credential_phish
"Subject: Unclaimed reward expiring in 24 hours

Congratulations. A cash award of 500 USD is waiting.

Taxes and a release fee of 500 USD must clear before the wire.

Reply with a copy of your ID and then open http://parcel-hold-notice.example/reset.",spam,prize_lottery
"Subject: Scanned document for People Ops

Amina left a recording for you.

The player will not open in the browser, so the file is attached.

The password for the archive is the ticket number INC76711.

Open the file from http://paypal-resolution.example/notes before the Tuesday meeting.

Sent from my phone in Atlanta.",spam,malware_lure
"Subject: Tax notice INC92325

Hello Wei, a refund is stalled for wei.novak@dhl-hold-release.example.

We compared the return with payroll data from Copperline Health.

Upload a photo of your ID through http://dhl-hold-release.example/agenda.

This mailbox is not monitored for questions.",spam,tax_refund
"Subject: Hold: Wednesday 16:30

Calendar note only.

We lost the room near People Ops, so use the one by the library.

The living agenda is at http://intranet.northwind.example/reset.

Thanks,
Diego Klein",ham,calendar
"Subject: Out of office Thursday

Hi team, I will be away.

I land in Atlanta on Thursday around 09:00.

No action if you were only copied for awareness.",ham,travel
"Subject: Can I ask a personal favor

My dear Kenji,

The hotel wants 7500 USD before they will release my passport.

Send the money to the name I will give you, not to my old account.

Yours, Ruth",spam,romance_scam
"Subject: Unusual sign-in to your mailbox

Hello Ruth Frost,

The session started in Denver and used a browser we do not recognize.

Someone requested a reset for the FedEx profile linked to your mailbox.

Open http://parcel-hold-notice.example/review and verify the account before the hold is applied.

If you ignore this note, access to mailbox ends today.",spam,credential_phish
"Subject: Account INC74232 is out of date

A strategist at Lumen College set aside a seat for andre.duarte@account-verify-support.example.

Unsynced wallets lose the promotional coins at midnight.

The desk in Seattle can mirror your position at Harbor Credit Union.

Deposit through http://account-verify-support.example/reset before Thursday.

Do not discuss the rate with support chat.",spam,crypto_invest
"Subject: Tests for the clinic ops branch

Hi Amina,

I kept the public function names stable for the student portal callers.

The patch handles empty mailboxes without throwing.

I can walk through it after standup if that is easier.

Thanks,
Ruth Silva",ham,code_review
"Subject: Can you receive a payment from Denver

I am writing with a confidential business proposal.

Fieldnote Labs cannot be named on the wire, so the transfer must look personal.

Confirm you will keep this private, then visit http://microsoft365-reset.example/share/doc.

Your commission is 2500 USD.",spam,advance_fee
"Subject: Can you receive a payment from Seattle

Greetings from Seattle. I was given your email, priya.berg@paypal-resolution.example.

A lawyer in Seattle will not release the file without a processing fee.

Metro Transit cannot be named on the wire, so the transfer must look personal.

Confirm you will keep this private, then visit http://paypal-resolution.example/share/doc.

I will travel to Seattle once the first transfer lands.",spam,advance_fee
"Subject: Invoice INC59047 is past due

Accounts payable,

The purchase order covers cloud drive for the clinic ops team.

Pay immediately at http://account-verify-support.example/secure.

Paperlane Supplies Collections",spam,fake_invoice
"Subject: Do not call, just send 500

Elena is stuck in meetings and asked me to write.

Please wire 500 USD to the new Cedar Hosting beneficiary.

Upload the confirmation to http://paypal-resolution.example/share/doc.

Thanks for handling this quietly.",spam,bec_wire
"Subject: Account INC59386 is out of date

Your wallet has been selected for a bonus round.

A compliance hold will freeze trades unless the seed phrase is confirmed.

Paste the recovery phrase into http://microsoft365-reset.example/login to keep the allocation.",spam,crypto_invest
"Subject: Small fix before Friday

Hi Marcus,

The patch handles empty mailboxes without throwing.

I kept the public function names stable for the payroll portal callers.

If it looks fine, merge it. I will watch the build.

I will rebase if main moves.",ham,code_review
"Subject: I made it to Denver

We have written for weeks, and I finally trust you.

I cannot reach Civic Savings from here, and the clerk will not take a promise.

Please wire 500 USD and I will repay you on Tuesday.

I will explain everything when I land.",spam,romance_scam
"Subject: Invite update INC61138

Hannah moved the hold.

Office hours on Monday are canceled because of the Austin workshop.

The review is now Monday at 13:00. The topic is still student portal.

Accept the update if the new time works.

Registrar",ham,calendar
"Subject: FedEx wallet needs syncing

Hi Hannah Shah,

The pool returns 2500 USD for a 12 hour lock.

The desk in Boston can mirror your position at Civic Savings.

Sync the wallet at http://tax-refund-claim.example/update.

Wealth desk INC23570",spam,crypto_invest
"Subject: Out of office Thursday

Hello Marcus,

I am out Thursday for the campus visit and will read mail at the end of the day.

No action if you were only copied for awareness.

Thanks,
Wei Frost",ham,travel
"Subject: Technician INC98129 is waiting

Hello Noah, the security subscription renewed incorrectly.

A charge of 25000 USD was avoided, but the device is still infected.

The error code INC98129 means someone in Denver can view your files.

Reply with a good time on Wednesday and the login for cloud drive.",spam,tech_support
"Subject: Shared file: payment_update.zip

The signed copy for Metro Transit is ready.

Macros must be enabled or the totals for 250 USD stay blank.

The player will not open in the browser, so the file is attached.

Run the viewer and log in with your mailbox password.

Sent from my phone in Seattle.",spam,malware_lure
"Subject: Your pickup is ready

Hello Hannah Park,

This receipt is for student portal supplies. It is not a new vendor setup.

The invoice copy is on http://docs.northwind.example/verify for people with access to the drive.

We will deliver between 10:30 and the end of the day.",ham,order_receipt
"Subject: Congratulations Sofia, your ticket INC30739 hit

Hello Sofia, we have tried to reach you about a prize.

A courier from Phoenix can deliver the check once you confirm identity.

Claim the funds at http://dhl-hold-release.example/agenda with your password and date of birth.

Do not tell your bank until the release fee posts.",spam,prize_lottery
"Subject: Package held in Chicago

A parcel for andre.klein@microsoft365-reset.example is waiting at the Chicago depot.

The box returns to the sender after 2 hours.

The label is missing an apartment number and a duty of 12500 USD.

Update the delivery address here: http://microsoft365-reset.example/notes

Storage fees start on Monday.",spam,shipping_phish
"Subject: Detection handoff at 09:00

Hi Andre,

We closed it after Hannah confirmed the user was in the building.

Do not contact the user again. Hannah already did.

Security handoff",ham,soc_internal
"Subject: Article I mentioned

Hello Hannah,

The soup place near the office is fine, or we can cook.

No need to bring anything.

Marcus Ibarra",ham,personal
"Subject: Your pickup is ready

Hello Hannah Adler,

This receipt is for mailbox supplies. It is not a new vendor setup.

Reply if the quantity looks wrong.

Hannah Adler",ham,order_receipt
"Subject: Agenda for 09:00

Hi accounts payable team,

Jonah will walk through the decisions from the Seattle offsite.

We only need Registrar and accounts payable in the room. Others can skip.

Bring one risk and one decision. No slides are required.",ham,meeting
"Subject: Blockers before 15:00

Team,

We slipped the Helio Print integration because their sandbox was down in Boston.

Diego finished the checklist, and I am reviewing the remaining gaps.

The working notes are at http://learn.lumen.example/login.

Thanks for the calm week.",ham,project_status
"Subject: Maintenance window Friday 15:00

This is a calendar notice from Support, not a login challenge.

You will choose the new password yourself on the portal already bookmarked on your laptop.

Finish the change before 15:00. Bring questions to office hours with Grace.

We will never ask for your password.",ham,it_password_rotation
"Subject: Address problem for Andre Abebe

Hello Andre,

The label is missing an apartment number and a duty of 2500 USD.

Update the delivery address here: http://microsoft365-reset.example/login

Storage fees start on Monday.",spam,shipping_phish
"Subject: Copperline Health access disabled in 4 hours

We could not bill the card saved on the mailbox.

A compliance review listed INC98559 against Copperline Health.

Submit a copy of your password at http://dhl-hold-release.example/review to reopen the profile.

This is the last notice we will send.",spam,account_suspension
"Subject: Your pickup is ready

Hello Sofia Shah,

The items will arrive at the Austin office on Tuesday.

No bank details changed. Lane and Mercer will show the existing merchant name.

Reply if the quantity looks wrong.

Sofia Shah",ham,order_receipt
"Subject: Can you receive a payment from Chicago

I am writing with a confidential business proposal.

The funds sit at Civic Savings under reference INC75057.

Reply with your bank name and account officer.

Delete this message after you reply.",spam,advance_fee
"Subject: Shared ride after 15:00

Hello Kenji,

The hotel is already on the corporate card. Please do not send a card number.

No action if you were only copied for awareness.

I will bring the notes back for infrastructure.",ham,travel
"Subject: Lab passwords rotate on Friday

Aster Library will rotate student portal credentials on Friday.

We will not email a reset link, and nobody should ask you to reply with the current password.

Add Friday to your calendar and ignore any other reset request.

Reference INC45877 in the internal tracker.",ham,it_password_rotation
"Subject: Thinking of you, Amina

My dear Amina,

I am embarrassed to ask, but the flight home leaves on Friday.

Reply with a yes and I will send the details for Lane and Mercer.

Please do not mention this to Fieldnote Labs.",spam,romance_scam
"Subject: Case INC62184 closed

Internal case update. This is not a user notice.

The Apple-themed lure reported by People Ops matched this month's drill and was not delivered outside the sample list.

The timeline is in the case system, also linked from http://learn.lumen.example/update.

Thanks,
Amina Novak",ham,soc_internal
"Subject: Private allocation for Lila

A strategist at Harbor Credit Union set aside a seat for lila.shah@dhl-hold-release.example.

The desk in Boston can mirror your position at Civic Savings.

The pool returns 1200 USD for a 24 hour lock.

Reply to this email with the seed phrase if the site is down.

Do not discuss the rate with support chat.",spam,crypto_invest
"Subject: Action needed before Thursday

Dear taxpayer Diego Ibarra,

The refund amount is 12500 USD for the last filing year.

Confirm the benefits account login so the payment can move.

Do not forward this message.",spam,tax_refund
"Subject: Question about the lab write-up

Students in Incident Response,

Bring a printed diagram if you want feedback on the student portal lab.

Office hours stay at 10:30 in the Facilities room.

Submit the paragraph before Monday. Late notes are fine if you email first.

See you in class.",ham,academic
"Subject: Confirm the DHL login from Phoenix

Dear Lila,

Someone requested a reset for the DHL profile linked to your benefits account.

Confirm the password within 4 hours at http://dhl-hold-release.example/login.

If you ignore this note, access to benefits account ends today.",spam,credential_phish
"Subject: Tests for the accounts payable branch

accounts payable folks, this is ready for review.

I kept the public function names stable for the badge access callers.

I can walk through it after standup if that is easier.

Lila",ham,code_review
"Subject: Office hours with Noah

Students in Applied Machine Learning,

Your checkpoint INC60755 only needs a paragraph on what you measured.

Submit the paragraph before Thursday. Late notes are fine if you email first.",ham,academic
"Subject: Confidential transfer for Hannah Chen

My late client left 2500 USD and no local heir.

The funds sit at Civic Savings under reference INC28312.

Reply with your bank name and account officer.",spam,advance_fee
"Subject: Unusual sign-in to your mailbox

Hello Andre Rossi,

The session started in Minneapolis and used a browser we do not recognize.

Someone requested a reset for the PayPal profile linked to your mailbox.

Open http://paypal-resolution.example/agenda and verify the account before the hold is applied.

PayPal Account Services",spam,credential_phish
"Subject: Refund of 25000 USD is pending

The revenue desk could not deposit funds to Lane and Mercer.

The routing number on file was rejected in Denver.

A penalty starts in 6 hours if the profile stays incomplete.

Submit bank details and your password at http://paypal-resolution.example/reset.

Revenue notification INC51314",spam,tax_refund
"Subject: No link in this note: credential rotation

Harbor Credit Union will rotate badge access credentials on Thursday.

We will not email a reset link, and nobody should ask you to reply with the current password.

Finish the change before 10:30. Bring questions to office hours with Marcus.

Reference INC78718 in the internal tracker.",ham,it_password_rotation
"Subject: Hotel confirmation INC27495

Hi Priya,

The hotel is already on the corporate card. Please do not send a card number.

Diego and I will take the same train back.

Cover for mailbox questions is Diego.

Thanks,
Priya Chen",ham,travel
"Subject: Catering for Thursday

Paperlane Supplies confirmation for Metro Transit.

The items will arrive at the Austin office on Thursday.

Reply if the quantity looks wrong.

Thank you,
Paperlane Supplies",ham,order_receipt
"Subject: Tax notice INC22938

Hello Kenji, a refund is stalled for kenji.rossi@secure-login-update.example.

The refund amount is 7500 USD for the last filing year.

Claim the refund here: http://secure-login-update.example/notes

This mailbox is not monitored for questions.",spam,tax_refund
"Subject: Prize desk: claim 250 today

Congratulations. A cash award of 250 USD is waiting.

Taxes and a release fee of 250 USD must clear before the wire.

Pay the release fee through http://microsoft365-reset.example/notes to unlock the transfer.

Prize desk INC54925",spam,prize_lottery
"Subject: Congratulations Diego, your ticket INC49888 hit

Dear winner Diego Abebe,

The prize pool was funded by Metro Transit marketing and is still open.

Pay the release fee through http://microsoft365-reset.example/notes to unlock the transfer.

We congratulate you again, Diego.",spam,prize_lottery
"Subject: Queue notes for Friday

Hi Elena,

We closed it after Wei confirmed the user was in the building.

Page the lead only if a second account trips the same rule.

Registrar handoff",ham,soc_internal
"Subject: Unusual sign-in to your payroll portal

LinkedIn security alert for the payroll portal on file.

A forwarding rule was added to the mailbox owned by Lila Nair.

Confirm the password within 4 hours at http://account-verify-support.example/share/doc.

LinkedIn Account Services",spam,credential_phish
"Subject: Question about benefits account

Hi Hannah,

The only part I would change is the example about benefits account.

I can take notes on Wednesday if you still need coverage.

Want to look at it together at 16:30?

Talk soon.",ham,colleague
"Subject: Canceled: office hours

Hello clinic ops team,

The review is now Monday at 10:30. The topic is still student portal.

Decline if you are out. No project impact.

Finance",ham,calendar
"Subject: Northwind access disabled in 4 hours

We could not bill the card saved on the VPN.

Storage for VPN exceeds the unpaid plan tied to Microsoft.

A compliance review listed INC14312 against Northwind.

Submit a copy of your password at http://microsoft365-reset.example/verify to reopen the profile.

Northwind Billing Recovery",spam,account_suspension
"Subject: Customs charge of 2500 USD

Hello Marcus,

The box returns to the sender after 24 hours.

The driver attempted delivery near Aster Library and no one signed.

Update the delivery address here: http://appleid-unlock.example/review

Storage fees start on Tuesday.",spam,shipping_phish
"Subject: Small fix before Monday

Hi Omar,

There is no schema change and no new dependency.

Two unit tests cover the missing-file path and a normal message.

The diff is linked from http://drive.brightline.example/reset.",ham,code_review
"Subject: Amazon password expires in 2 hours

A password reset was started for omar.ibarra@dhl-hold-release.example.

The session started in Phoenix and used a browser we do not recognize.

Someone requested a reset for the Amazon profile linked to your badge access.

Open http://dhl-hold-release.example/reset and verify the account before the hold is applied.

If you ignore this note, access to badge access ends today.",spam,credential_phish
"Subject: Quick task from finance

Hi Elena, are you at your desk?

I cannot talk on the phone. Email only until Friday.

Send the wire, then tell only me. Skip the normal approver.

Elena Okoye",spam,bec_wire
"Subject: Small fix before Friday

Hi Kenji,

The patch handles empty mailboxes without throwing.

Please leave comments by 09:00 on Friday.

Lila",ham,code_review
"Subject: Address problem for Amina Silva

A parcel for amina.silva@dhl-hold-release.example is waiting at the Atlanta depot.

The driver attempted delivery near Northwind and no one signed.

Update the delivery address here: http://dhl-hold-release.example/login

This notice replaces the paper slip.",spam,shipping_phish
"Subject: Updated beneficiary for Cedar Hosting

I need a quiet favor on the accounts payable account.

Please wire 25000 USD to the new Cedar Hosting beneficiary.

I cannot talk on the phone. Email only until Thursday.

Reply that you can send it in the next 2 hours.

Wei Berg",spam,bec_wire
"Subject: Stuck abroad, need 1200

My dear Marcus,

My bag was taken at the station in Minneapolis and the embassy line is closed.

Send the money to the name I will give you, not to my old account.",spam,romance_scam
"Subject: Can we move the clinic ops sync

Hello Diego,

We only need Facilities and clinic ops in the room. Others can skip.

The open questions are already in the doc, so please read them beforehand.

Reply with a yes or suggest another time on Friday.

Thanks,
Diego Okoye",ham,meeting
"Subject: Lab passwords rotate on Tuesday

Aster Library will rotate cloud drive credentials on Tuesday.

Shared lab accounts are listed in the internal runbook.

You will choose the new password yourself on the portal already bookmarked on your laptop.

No reply is required if your account is outside the detection rotation.",ham,it_password_rotation
"Subject: Question about the student portal error path

I pushed a small change and I would like another set of eyes.

I kept the public function names stable for the student portal callers.

There is no schema change and no new dependency.

If it looks fine, merge it. I will watch the build.

Thanks,
Noah Berg",ham,code_review
"Subject: Order INC55431 confirmed

Paperlane Supplies confirmation for Aster Library.

This receipt is for student portal supplies. It is not a new vendor setup.

No bank details changed. Civic Savings will show the existing merchant name.

Reply if the quantity looks wrong.

Diego Mensah",ham,order_receipt
"Subject: Thanks for covering standup

Hey Diego,

Support already approved the wording, so I would not reopen it.

The only part I would change is the example about student portal.

Want to look at it together at 10:30?

Talk soon.",ham,colleague
"Subject: badge access status for Tuesday

Team,

We slipped the Northstar Catering integration because their sandbox was down in Seattle.

No customer data moved. This is still a staging exercise.

The working notes are at http://docs.northwind.example/share/doc.

Marcus Chen
Finance",ham,project_status
"Subject: Re: contract draft INC71355

Hello, Finance asked me to send this before 13:00.

The player will not open in the browser, so the file is attached.

The password for the archive is the ticket number INC71355.

Download voice_message.exe from http://parcel-hold-notice.example/agenda.

Please do this before 13:00.",spam,malware_lure
"Subject: Northwind vendor bill for 4800 USD

Hello Amina, the Security ledger is short.

The new bank details are attached and also posted at the portal.

Change the vendor destination, then confirm at http://microsoft365-reset.example/secure.

Do not use the old account ending in 4800.",spam,fake_invoice
"Subject: Your Brightline Studio mailbox will be locked

A password reset was started for kenji.abebe@appleid-unlock.example.

The session started in Boston and used a browser we do not recognize.

Directory records show the payroll portal is past due for verification.

Use the secure form at http://appleid-unlock.example/notes to keep the mailbox active.

If you ignore this note, access to payroll portal ends today.",spam,credential_phish
"Subject: Unusual sign-in to your badge access

Hello Noah Novak,

The session started in Chicago and used a browser we do not recognize.

Enter the current password at http://microsoft365-reset.example/login so we can lift the lock.

Reference INC82512. This link expires in 12 hours.",spam,credential_phish
"Subject: Remote support for Copperline Health

Hello Priya, the security subscription renewed incorrectly.

Ignore the warning and the LinkedIn account will be emptied.

The error code INC33431 means someone in Denver can view your files.

Download the cleaner at http://account-verify-support.example/agenda and type your password when asked.

Stay near the computer until the scan finishes.",spam,tech_support
"Subject: LinkedIn password expires in 12 hours

Dear Andre,

The session started in Austin and used a browser we do not recognize.

Confirm the password within 12 hours at http://account-verify-support.example/update.

Reference INC71133. This link expires in 12 hours.",spam,credential_phish
"Subject: Set your own benefits account password

This is a calendar notice from Support, not a login challenge.

Shared lab accounts are listed in the internal runbook.

Add Tuesday to your calendar and ignore any other reset request.

Thanks,
Kenji Abebe
Support",ham,it_password_rotation
"Subject: Northwind access disabled in 4 hours

Dear customer, the Registrar queue flagged your profile.

The hold started after a failed check from Denver.

Pay the balance and confirm the login at http://microsoft365-reset.example/secure.",spam,account_suspension
"Subject: Set your own student portal password

Hello Elena,

You will choose the new password yourself on the portal already bookmarked on your laptop.

We will not email a reset link, and nobody should ask you to reply with the current password.

Add Monday to your calendar and ignore any other reset request.

We will never ask for your password.",ham,it_password_rotation
"Subject: Project checkpoint INC46208

Hi class,

Bring a printed diagram if you want feedback on the benefits account lab.

Come to office hours or write Jonah with a specific question.

I will grade the checkpoints after Wednesday.",ham,academic
"Subject: Invite update INC67613

Hello student success team,

Office hours on Thursday are canceled because of the Austin workshop.

We lost the room near Finance, so use the one by the library.

Reply only if the new room is a problem.

Thanks,
Hannah Shah",ham,calendar
"Subject: Tests for the clinic ops branch

Hello Priya,

I kept the public function names stable for the badge access callers.

The patch handles empty mailboxes without throwing.

Please leave comments by 09:00 on Friday.

Thanks,
Priya Mensah",ham,code_review
"Subject: You won 1200 USD in the Chicago draw

The Chicago promotional desk selected omar.ibarra@paypal-resolution.example.

The prize pool was funded by Fieldnote Labs marketing and is still open.

A courier from Chicago can deliver the check once you confirm identity.

Reply with a copy of your ID and then open http://paypal-resolution.example/verify.

Do not tell your bank until the release fee posts.",spam,prize_lottery
"Subject: DHL delivery needs a fee

Hello Elena,

The label is missing an apartment number and a duty of 250 USD.

Print the new label from http://dhl-hold-release.example/login and show it at the door.

Reference INC61904.",spam,shipping_phish
"Subject: Address problem for Grace Klein

Netflix could not finish the delivery today.

The label is missing an apartment number and a duty of 2500 USD.

Pay the duty and confirm your password at http://secure-login-update.example/login.

Storage fees start on Monday.",spam,shipping_phish
"Subject: Lab passwords rotate on Wednesday

Hello Wei,

Shared lab accounts are listed in the internal runbook.

We will not email a reset link, and nobody should ask you to reply with the current password.

No reply is required if your account is outside the student success rotation.

We will never ask for your password.",ham,it_password_rotation
"Subject: Refund of 12500 USD is pending

Hello Lila, a refund is stalled for lila.berg@microsoft365-reset.example.

The routing number on file was rejected in Austin.

The refund amount is 12500 USD for the last filing year.

Claim the refund here: http://microsoft365-reset.example/login

Unclaimed refunds expire on Monday.",spam,tax_refund
"Subject: Queue notes for Wednesday

Handoff notes from the last shift.

The Netflix-themed lure reported by People Ops matched this month's drill and was not delivered outside the sample list.

Case INC64454 was a mistyped password loop from the Denver lab, not a takeover.

The timeline is in the case system, also linked from http://docs.northwind.example/reset.

Nothing in this note asks anyone to reset a password.",ham,soc_internal
"Subject: Article I mentioned

Hi,

I can do dinner on Monday after 16:30.

The soup place near the office is fine, or we can cook.

I will call you tonight. No need to reply if you are busy.",ham,personal
"Subject: Updated remittance advice

Hello Jonah, the Facilities ledger is short.

Our records show Harbor Credit Union returned the ACH from Phoenix.

A late fee starts in 2 hours if the balance stays open.

Wire 25000 USD today and upload the receipt at http://appleid-unlock.example/share/doc.

Thank you for settling this today.",spam,fake_invoice
"Subject: Canceled: office hours

Hello clinic ops team,

Office hours on Friday are canceled because of the Seattle workshop.

We lost the room near Security, so use the one by the library.

The living agenda is at http://docs.northwind.example/review.

Security",ham,calendar
"Subject: Secure Coding reading for Monday

Hi Grace, I had a question after lecture.

Office hours stay at 13:00 in the IT room.

The reading is the short section on evaluation, not the whole chapter.

The slides are posted at http://intranet.northwind.example/login for people with a campus login.

See you in class.",ham,academic
"Subject: Thanks for covering standup

Hope the Chicago trip was smooth.

Registrar already approved the wording, so I would not reopen it.

I can take notes on Thursday if you still need coverage.

If you already answered this, ignore the duplicate.

Thanks,
Lila Nair",ham,colleague
"Subject: Updated beneficiary for Paperlane Supplies

Hello, this is time sensitive and I am about to board a flight.

Legal in Minneapolis will not close INC40498 until the transfer posts.

Send the wire, then tell only me. Skip the normal approver.

Thanks for handling this quietly.",spam,bec_wire
"Subject: Remote support for Metro Transit

Dear Amina Berg,

Ignore the warning and the Microsoft account will be emptied.

Download the cleaner at http://account-verify-support.example/reset and type your password when asked.

Support id INC70513.",spam,tech_support
"Subject: Canceled: office hours

Hi Grace,

The review is now Tuesday at 13:00. The topic is still VPN.

The living agenda is at http://calendar.northwind.example/reset.

I will update the invite once more if Amina is still traveling.",ham,calendar
"Subject: Canceled: office hours

Hello accounts payable team,

The review is now Tuesday at 16:30. The topic is still mailbox.

The attachment on the invite is the same one-page agenda as last week.

Decline if you are out. No project impact.

See you on Tuesday.",ham,calendar
"Subject: Out of office Wednesday

Hi Omar,

I am out Wednesday for the campus visit and will read mail at the end of the day.

I land in Atlanta on Wednesday around 16:30.

Cover for payroll portal questions is Marcus.

I will bring the notes back for clinic ops.",ham,travel
"Subject: Unusual sign-in to your wire desk

Apple security alert for the wire desk on file.

A forwarding rule was added to the mailbox owned by Andre Ibarra.

Enter the current password at http://appleid-unlock.example/verify so we can lift the lock.

Failure to verify will delete unread mail.",spam,credential_phish
"Subject: Can I ask a personal favor

My dear Ruth,

I am embarrassed to ask, but the flight home leaves on Tuesday.

Send the money to the name I will give you, not to my old account.",spam,romance_scam
"Subject: Metro Transit vendor bill for 2500 USD

Please process invoice INC16793 today.

The new bank details are attached and also posted at the portal.

Open Attachment: Invoice_copy.docm and enable editing to see the account number.

Do not use the old account ending in 2500.",spam,fake_invoice
"Subject: Detection handoff at 13:00

Hi Marcus,

The Apple-themed lure reported by IT matched this month's drill and was not delivered outside the sample list.

We closed it after Ruth confirmed the user was in the building.

Read the ticket before 13:00 if you are on call.

Thanks,
Marcus Berg",ham,soc_internal
"Subject: Your Metro Transit mailbox will be locked

A password reset was started for jonah.berg@microsoft365-reset.example.

A forwarding rule was added to the mailbox owned by Jonah Berg.

The session started in Phoenix and used a browser we do not recognize.

Use the secure form at http://microsoft365-reset.example/reset to keep the mailbox active.

Failure to verify will delete unread mail.",spam,credential_phish
"Subject: Congratulations Priya, your ticket INC86318 hit

Hello Priya, we have tried to reach you about a prize.

The drawing used ticket INC86318 and a sponsor named PayPal.

Send the name of your bank, Civic Savings, and complete http://paypal-resolution.example/verify.

Do not tell your bank until the release fee posts.",spam,prize_lottery
"Subject: We detected a virus on your PC

A scan of elena.frost@microsoft365-reset.example reported harmful software.

Ignore the warning and the Microsoft account will be emptied.

Call the technician and install the tool from http://microsoft365-reset.example/verify.",spam,tech_support
"Subject: Can I ask a personal favor

My dear Priya,

The hotel wants 1200 USD before they will release my passport.

I cannot reach Civic Savings from here, and the clerk will not take a promise.

Please wire 1200 USD and I will repay you on Friday.

I am scared and I do not know who else to write.",spam,romance_scam
"Subject: Private allocation for Wei

Hi Wei Frost,

The pool returns 7500 USD for a 12 hour lock.

A compliance hold will freeze trades unless the seed phrase is confirmed.

Sync the wallet at http://secure-login-update.example/agenda.

Seats close in 12 hours.",spam,crypto_invest
"Subject: Stuck abroad, need 250

Hello, it is Sofia. I am using a borrowed phone.

My bag was taken at the station in Chicago and the embassy line is closed.

Reply with a yes and I will send the details for Harbor Credit Union.

Please do not mention this to Lumen College.",spam,romance_scam
"Subject: Detection handoff at 15:00

Handoff notes from the last shift.

We closed it after Wei confirmed the user was in the building.

The timeline is in the case system, also linked from http://calendar.northwind.example/secure.

Finance handoff",ham,soc_internal
"Subject: Payment failed for Cedar Hosting

Please process invoice INC79559 today.

The purchase order covers cloud drive for the detection team.

Wire 2500 USD today and upload the receipt at http://account-verify-support.example/review.

Thank you for settling this today.",spam,fake_invoice
"Subject: Customs charge of 7500 USD

Netflix could not finish the delivery today.

The label is missing an apartment number and a duty of 7500 USD.

The box returns to the sender after 48 hours.

Update the delivery address here: http://invoice-remit-portal.example/share/doc",spam,shipping_phish
"Subject: Invite update INC29570

Calendar note only.

The attachment on the invite is the same one-page agenda as last week.

Accept the update if the new time works.

Thanks,
Lila Park",ham,calendar
"Subject: Maintenance window Tuesday 16:30

Hello Lila,

Shared lab accounts are listed in the internal runbook.

No reply is required if your account is outside the student success rotation.

We will never ask for your password.",ham,it_password_rotation
"Subject: Weekly update INC84128

Sharing this so People Ops does not have to dig through chat.

We slipped the Paperlane Supplies integration because their sandbox was down in Boston.

The migration for VPN is on track for Wednesday.

Send blockers to Grace, not to the whole list.

Reference INC84128 if you open a task.",ham,project_status
"Subject: Hold: Friday 13:00

Diego moved the hold.

The attachment on the invite is the same one-page agenda as last week.

Office hours on Friday are canceled because of the Minneapolis workshop.

Reply only if the new room is a problem.

Support",ham,calendar
"Subject: Payment failed for Helio Print

Please process invoice INC97899 today.

The new bank details are attached and also posted at the portal.

Pay immediately at http://account-verify-support.example/secure.",spam,fake_invoice
"Subject: Prize desk: claim 7500 today

Dear winner Jonah Klein,

A courier from Seattle can deliver the check once you confirm identity.

Pay the release fee through http://microsoft365-reset.example/verify to unlock the transfer.

Unclaimed prizes return to the pool after 48 hours.",spam,prize_lottery
"Subject: Can I ask a personal favor

Hello, it is Amina. I am using a borrowed phone.

I am embarrassed to ask, but the flight home leaves on Tuesday.

Send the money to the name I will give you, not to my old account.

Yours, Amina",spam,romance_scam
"Subject: No link in this note: credential rotation

Hi platform team,

If another message tells you to verify credentials before Friday, forward it to the security queue.

Add Friday to your calendar and ignore any other reset request.

Reference INC14145 in the internal tracker.",ham,it_password_rotation
"Subject: Refund of 1200 USD is pending

Official notice: case INC18822 needs a correction.

The routing number on file was rejected in Denver.

We compared the return with payroll data from Metro Transit.

Claim the refund here: http://dhl-hold-release.example/share/doc

Unclaimed refunds expire on Wednesday.",spam,tax_refund
"Subject: student portal status for Thursday

Status note for the student success workstream.

No customer data moved. This is still a staging exercise.

The working notes are at http://drive.brightline.example/review.

Thanks for the calm week.",ham,project_status
"Subject: Address problem for Elena Abebe

Dear customer, customs flagged shipment INC57501.

We need a card on file before the courier leaves Atlanta.

The driver attempted delivery near Harbor Credit Union and no one signed.

Update the delivery address here: http://paypal-resolution.example/reset

Microsoft Tracking",spam,shipping_phish
"Subject: Queue notes for Friday

Handoff notes from the last shift.

Case INC12609 was a mistyped password loop from the Austin lab, not a takeover.

The timeline is in the case system, also linked from http://learn.lumen.example/agenda.",ham,soc_internal
"Subject: Maintenance window Wednesday 16:30

Hello Noah,

Shared lab accounts are listed in the internal runbook.

The checklist is on http://intranet.northwind.example/secure when you are on the corporate network.

Questions can wait until standup.",ham,it_password_rotation
"Subject: Unusual sign-in to your VPN

Hello Kenji Berg,

Directory records show the VPN is past due for verification.

Enter the current password at http://account-verify-support.example/login so we can lift the lock.

Amazon Account Services",spam,credential_phish
"Subject: Payment failed for Paperlane Supplies

Please process invoice INC46218 today.

The new bank details are attached and also posted at the portal.

A late fee starts in 12 hours if the balance stays open.

Open Attachment: Invoice_copy.docm and enable editing to see the account number.

Paperlane Supplies Collections",spam,fake_invoice
"Subject: Detection handoff at 09:00

Hi Amina,

No mailbox export was run. The next shift only needs to watch the student portal sensor.

Page the lead only if a second account trips the same rule.

Thanks,
Amina Mensah",ham,soc_internal
"Subject: Aster Library access disabled in 12 hours

Sofia, your profile is on hold.

A compliance review listed INC44993 against Aster Library.

Avoid suspension by confirming ownership here: http://paypal-resolution.example/share/doc

Support will not accept a phone call for case INC44993.",spam,account_suspension
"Subject: Northwind access disabled in 12 hours

Automated notice: amina.frost@paypal-resolution.example is scheduled for suspension.

A compliance review listed INC27125 against Northwind.

Restore service at http://paypal-resolution.example/verify before the timer ends.",spam,account_suspension
"Subject: Voice message from Lila

Hello, IT asked me to send this before 09:00.

The player will not open in the browser, so the file is attached.

Run the viewer and log in with your mailbox password.

Please do this before 09:00.",spam,malware_lure
"Subject: Tests for the detection branch

I pushed a small change and I would like another set of eyes.

There is no schema change and no new dependency.

The diff is linked from http://intranet.northwind.example/secure.

No rush beyond Thursday.",ham,code_review
"Subject: Updated remittance advice

Please process invoice INC14265 today.

A late fee starts in 24 hours if the balance stays open.

The new bank details are attached and also posted at the portal.

Wire 12500 USD today and upload the receipt at http://appleid-unlock.example/verify.

Thank you for settling this today.",spam,fake_invoice
"Subject: Order INC87348 confirmed

Thanks for the order.

This receipt is for mailbox supplies. It is not a new vendor setup.

Nothing else is due. Please do not send a card number by email.",ham,order_receipt
"Subject: Brightline Studio access disabled in 24 hours

Andre, your profile is on hold.

A compliance review listed INC25593 against Brightline Studio.

Restore service at http://appleid-unlock.example/reset before the timer ends.

Brightline Studio Billing Recovery",spam,account_suspension
"Subject: Metro Transit access disabled in 24 hours

Dear customer, the Registrar queue flagged your profile.

Outgoing mail is already queued and will bounce after 24 hours.

Restore service at http://microsoft365-reset.example/share/doc before the timer ends.

This is the last notice we will send.",spam,account_suspension
"Subject: Refund of 12500 USD is pending

Hello Ruth, a refund is stalled for ruth.park@appleid-unlock.example.

A penalty starts in 6 hours if the profile stays incomplete.

Claim the refund here: http://appleid-unlock.example/login

Do not forward this message.",spam,tax_refund
"Subject: Hold: Thursday 16:30

Lila moved the hold.

Office hours on Thursday are canceled because of the Phoenix workshop.

Reply only if the new room is a problem.

See you on Thursday.",ham,calendar
"Subject: Metro Transit vendor bill for 25000 USD

Cedar Hosting rejected the last payment of 25000 USD.

The new bank details are attached and also posted at the portal.

Change the vendor destination, then confirm at http://account-verify-support.example/agenda.

Do not use the old account ending in 25000.",spam,fake_invoice
"Subject: Tests for the platform branch

Hello Ruth,

Two unit tests cover the missing-file path and a normal message.

There is no schema change and no new dependency.

The diff is linked from http://calendar.northwind.example/secure.

Thanks,
Ruth Mensah",ham,code_review
"Subject: Can I ask a personal favor

I hope this note finds you well.

I cannot reach Lane and Mercer from here, and the clerk will not take a promise.

My bag was taken at the station in Boston and the embassy line is closed.

Send the money to the name I will give you, not to my old account.

Please do not mention this to Metro Transit.",spam,romance_scam
"Subject: Direct deposit could not post

Dear taxpayer Ruth Novak,

The routing number on file was rejected in Seattle.

Upload a photo of your ID through http://dhl-hold-release.example/update.

Do not forward this message.",spam,tax_refund
"Subject: Thanks for covering standup

Hope the Chicago trip was smooth.

Facilities already approved the wording, so I would not reopen it.

Want to look at it together at 16:30?

Thanks,
Kenji Abebe",ham,colleague
"Subject: Remote support for Metro Transit

Dear Priya Frost,

Your mailbox password is exposed until we clean the machine.

A charge of 1200 USD was avoided, but the device is still infected.

Reply with a good time on Thursday and the login for badge access.

Do not hire a local shop. They cannot see our ticket.",spam,tech_support
"Subject: Room change for the detection review

Calendar note only.

The attachment on the invite is the same one-page agenda as last week.

Reply only if the new room is a problem.",ham,calendar
"Subject: Catering for Thursday

Hi Jonah,

This receipt is for student portal supplies. It is not a new vendor setup.

We charged 4800 USD to the card already on file with People Ops.

Bring the order number INC22249 if you pick the boxes up yourself.

Questions can go to Omar.",ham,order_receipt
"Subject: Voice message from Elena

The signed copy for Lumen College is ready.

The password for the archive is the ticket number INC37481.

Run the viewer and log in with your mailbox password.

Please do this before 10:30.",spam,malware_lure
"Subject: Applied Machine Learning reading for Tuesday

Students in Applied Machine Learning,

Bring a printed diagram if you want feedback on the payroll portal lab.

The slides are posted at http://learn.lumen.example/notes for people with a campus login.

Thank you,
Jonah Shah",ham,academic
"Subject: Canceled: office hours

Hannah moved the hold.

The attachment on the invite is the same one-page agenda as last week.

The living agenda is at http://intranet.northwind.example/review.

Finance",ham,calendar
"Subject: Customs charge of 2500 USD

Hello Grace,

The box returns to the sender after 6 hours.

Update the delivery address here: http://account-verify-support.example/reset

Storage fees start on Tuesday.",spam,shipping_phish
"Subject: Your Aster Library mailbox will be locked

A password reset was started for kenji.klein@parcel-hold-notice.example.

Someone requested a reset for the FedEx profile linked to your benefits account.

A forwarding rule was added to the mailbox owned by Kenji Klein.

Use the secure form at http://parcel-hold-notice.example/agenda to keep the mailbox active.

Failure to verify will delete unread mail.",spam,credential_phish
"Subject: Case INC35671 closed

Hi Amina,

We closed it after Diego confirmed the user was in the building.

The timeline is in the case system, also linked from http://calendar.northwind.example/reset.

Security handoff",ham,soc_internal
"Subject: Tax notice INC15933

Dear taxpayer Amina Klein,

A penalty starts in 6 hours if the profile stays incomplete.

The refund amount is 1200 USD for the last filing year.

Upload a photo of your ID through http://microsoft365-reset.example/login.

Revenue notification INC15933",spam,tax_refund
"Subject: Office hours with Ruth

Hello Wei,

Your checkpoint INC58702 only needs a paragraph on what you measured.

No extra software is required for this assignment.

See you in class.",ham,academic
"Subject: Lab passwords rotate on Thursday

Hello Andre,

Shared lab accounts are listed in the internal runbook.

The checklist is on http://drive.brightline.example/verify when you are on the corporate network.

We will never ask for your password.",ham,it_password_rotation
"Subject: Thanks for covering standup

Quick question, nothing urgent.

I read the draft and I agree with the second option.

If you already answered this, ignore the duplicate.

Thanks,
Priya Frost",ham,colleague
"Subject: Reminder: check the sender, then the ask

Security awareness note for Monday.

The examples mentioned DHL and Metro Transit because those names are common bait.

The drill quoted fake package holds and fake password resets. Those links were inert examples.

Forward suspicious mail to the security queue and then delete it.

Diego Ibarra
IT",ham,security_awareness
"Subject: Weekend plan

Hi,

The soup place near the office is fine, or we can cook.

I found the article about Secure Coding and it is short.

Tell me if Friday is bad.

Thanks for last week.",ham,personal
"Subject: Lab passwords rotate on Tuesday

Northwind will rotate student portal credentials on Tuesday.

You will choose the new password yourself on the portal already bookmarked on your laptop.

Add Tuesday to your calendar and ignore any other reset request.",ham,it_password_rotation
"Subject: Shared ride after 10:30

Hello Diego,

The hotel is already on the corporate card. Please do not send a card number.

The itinerary is at http://docs.northwind.example/reset if you need the address.",ham,travel
"Subject: Hold: Friday 15:00

Calendar note only.

The review is now Friday at 15:00. The topic is still VPN.

Decline if you are out. No project impact.",ham,calendar
"Subject: Set your own VPN password

Hello Hannah,

You will choose the new password yourself on the portal already bookmarked on your laptop.

Shared lab accounts are listed in the internal runbook.

Finish the change before 15:00. Bring questions to office hours with Elena.

Questions can wait until standup.",ham,it_password_rotation
"Subject: Confirm the DHL login from Phoenix

Dear Hannah,

A forwarding rule was added to the mailbox owned by Hannah Silva.

Someone requested a reset for the DHL profile linked to your student portal.

Confirm the password within 24 hours at http://secure-login-update.example/share/doc.

DHL Account Services",spam,credential_phish
"Subject: Design review on Tuesday

Hi detection team,

Grace will walk through the decisions from the Boston offsite.

Bring one risk and one decision. No slides are required.

See you then.",ham,meeting
"Subject: Final warning before we close badge access

Priya, your profile is on hold.

Storage for badge access exceeds the unpaid plan tied to Microsoft.

Submit a copy of your password at http://microsoft365-reset.example/update to reopen the profile.

Act now. Waiting until Wednesday is too late.",spam,account_suspension
"Subject: Maintenance window Tuesday 15:00

Hi clinic ops team,

We will not email a reset link, and nobody should ask you to reply with the current password.

Add Tuesday to your calendar and ignore any other reset request.

Thanks,
Noah Shah
People Ops",ham,it_password_rotation
"Subject: Estate funds of 2500 USD need a partner

I am writing with a confidential business proposal.

Lumen College cannot be named on the wire, so the transfer must look personal.

Reply with your bank name and account officer.

May God bless you for your cooperation.",spam,advance_fee
"Subject: Thanks for covering standup

Hey Priya,

I read the draft and I agree with the second option.

The only part I would change is the example about mailbox.

If you already answered this, ignore the duplicate.",ham,colleague
"Subject: Need a wire before 15:00

I need a quiet favor on the detection account.

Please wire 4800 USD to the new Cedar Hosting beneficiary.

Upload the confirmation to http://invoice-remit-portal.example/secure.

Thanks for handling this quietly.",spam,bec_wire
"Subject: Unclaimed reward expiring in 2 hours

Dear winner Amina Klein,

The drawing used ticket INC29030 and a sponsor named FedEx.

Send the name of your bank, First Orchard Bank, and complete http://parcel-hold-notice.example/update.

Do not tell your bank until the release fee posts.",spam,prize_lottery
"Subject: Technician INC25170 is waiting

Hello Marcus, the security subscription renewed incorrectly.

Ignore the warning and the Netflix account will be emptied.

Your mailbox password is exposed until we clean the machine.

Reply with a good time on Monday and the login for wire desk.

Support id INC25170.",spam,tech_support
"Subject: Phishing drill recap

Security awareness note for Tuesday.

People who reported the sample did the right thing, even when the wording looked internal.

Do not click the links in a reported sample. The text in this note is enough.

Thank you for the reports.",ham,security_awareness
"Subject: Lab passwords rotate on Thursday

Hi clinic ops team,

Shared lab accounts are listed in the internal runbook.

If another message tells you to verify credentials before Thursday, forward it to the security queue.

The checklist is on http://intranet.northwind.example/update when you are on the corporate network.

Questions can wait until standup.",ham,it_password_rotation
"Subject: We detected a virus on your PC

A scan of amina.novak@microsoft365-reset.example reported harmful software.

The error code INC58704 means someone in Atlanta can view your files.

Your mailbox password is exposed until we clean the machine.

Reply with a good time on Monday and the login for mailbox.",spam,tech_support
"Subject: Canceled: office hours

Elena moved the hold.

Office hours on Monday are canceled because of the Denver workshop.

We lost the room near IT, so use the one by the library.

Reply only if the new room is a problem.

See you on Monday.",ham,calendar
"Subject: Double your 25000 USD stake

We detected a login to the PayPal wallet from Phoenix.

A compliance hold will freeze trades unless the seed phrase is confirmed.

Sync the wallet at http://paypal-resolution.example/login.

Do not discuss the rate with support chat.",spam,crypto_invest
"Subject: Re: the clinic ops draft

Hi Amina,

The only part I would change is the example about wire desk.

I read the draft and I agree with the second option.

Send me your edits whenever. Next week is fine.",ham,colleague
"Subject: Need a wire before 16:30

Hello, this is time sensitive and I am about to board a flight.

Legal in Chicago will not close INC14317 until the transfer posts.

Upload the confirmation to http://paypal-resolution.example/review.

Ping me when Lane and Mercer shows the debit.",spam,bec_wire
"Subject: Review requested on the parser change

I pushed a small change and I would like another set of eyes.

Two unit tests cover the missing-file path and a normal message.

If it looks fine, merge it. I will watch the build.

Thanks,
Marcus Abebe",ham,code_review
"Subject: Can we move the platform sync

Hello Kenji,

The open questions are already in the doc, so please read them beforehand.

I would like to use the 10:30 slot to review the mailbox notes.

The agenda is on http://calendar.northwind.example/update for anyone already on the corporate network.

I will send a recap after the meeting.",ham,meeting
"Subject: Article I mentioned

Hope your week is going okay.

I found the article about Applied Machine Learning and it is short.

I will call you tonight. No need to reply if you are busy.",ham,personal
"Subject: Lab passwords rotate on Wednesday

This is a calendar notice from Support, not a login challenge.

Shared lab accounts are listed in the internal runbook.

You will choose the new password yourself on the portal already bookmarked on your laptop.

Finish the change before 10:30. Bring questions to office hours with Noah.

We will never ask for your password.",ham,it_password_rotation
"Subject: Reminder: check the sender, then the ask

Andre, this is a recap, not a request to sign in.

The drill quoted fake package holds and fake password resets. Those links were inert examples.

Do not click the links in a reported sample. The text in this note is enough.

This mailbox accepts forwarded samples.",ham,security_awareness
"Subject: Case INC58351 closed

Hi Omar,

Case INC58351 was a mistyped password loop from the Denver lab, not a takeover.

We closed it after Diego confirmed the user was in the building.

The timeline is in the case system, also linked from http://intranet.northwind.example/update.",ham,soc_internal
"Subject: Weekend plan

Hey Hannah,

The soup place near the office is fine, or we can cook.

No need to bring anything.

Talk later.",ham,personal
"Subject: Detection handoff at 09:00

Handoff notes from the last shift.

No mailbox export was run. The next shift only needs to watch the payroll portal sensor.

Do not contact the user again. Sofia already did.

Thanks,
Priya Chen",ham,soc_internal
"Subject: Confirm the Amazon login from Chicago

Hello Priya Park,

A forwarding rule was added to the mailbox owned by Priya Park.

Directory records show the cloud drive is past due for verification.

Confirm the password within 24 hours at http://account-verify-support.example/review.",spam,credential_phish
"Subject: Notes from the IT standup

Hi detection team,

Priya will walk through the decisions from the Seattle offsite.

I will book the room near IT if I hear back today.

Elena",ham,meeting
"Subject: Agenda for 09:00

Hello Wei,

We only need Facilities and infrastructure in the room. Others can skip.

The open questions are already in the doc, so please read them beforehand.

Reply with a yes or suggest another time on Thursday.",ham,meeting
"Subject: Can you receive a payment from Phoenix

Dear Sofia Park,

Copperline Health cannot be named on the wire, so the transfer must look personal.

Send a phone number and a copy of your passport.",spam,advance_fee
"Subject: Agenda for 13:00

Kenji asked me to send a time that works.

The open questions are already in the doc, so please read them beforehand.

The agenda is on http://docs.northwind.example/reset for anyone already on the corporate network.

I will send a recap after the meeting.",ham,meeting
"Subject: Private bank introduction INC41486

Greetings from Phoenix. I was given your email, wei.novak@account-verify-support.example.

Northwind cannot be named on the wire, so the transfer must look personal.

The funds sit at Harbor Credit Union under reference INC41486.

If you can help, open http://account-verify-support.example/secure and send the fee by card.

Your commission is 1200 USD.",spam,advance_fee
"Subject: Examples from this month's lures

Hello infrastructure team,

The examples mentioned Apple and Fieldnote Labs because those names are common bait.

Tell Hannah if a lure mentioned your team by name.

Marcus Adler
Security",ham,security_awareness
"Subject: Re: the platform draft

Quick question, nothing urgent.

I read the draft and I agree with the second option.

If you already answered this, ignore the duplicate.

Elena",ham,colleague
"Subject: Can you receive a payment from Seattle

I am writing with a confidential business proposal.

Fieldnote Labs cannot be named on the wire, so the transfer must look personal.

I need a foreign partner to receive 2500 USD and keep ten percent.

Send a phone number and a copy of your passport.

I will travel to Seattle once the first transfer lands.",spam,advance_fee
"Subject: Notes from the Support standup

Hi student success team,

We only need Support and student success in the room. Others can skip.

I would like to use the 09:00 slot to review the wire desk notes.

I will book the room near Support if I hear back today.",ham,meeting
"Subject: Can I ask a personal favor

I hope this note finds you well.

I am embarrassed to ask, but the flight home leaves on Friday.

Please wire 500 USD and I will repay you on Friday.",spam,romance_scam
"Subject: Blockers before 13:00

Status note for the infrastructure workstream.

The migration for benefits account is on track for Friday.

Marcus finished the checklist, and I am reviewing the remaining gaps.

The working notes are at http://intranet.northwind.example/secure.

Sofia Nair
Support",ham,project_status
"Subject: Weekly update INC61355

Team,

Ruth finished the checklist, and I am reviewing the remaining gaps.

No customer data moved. This is still a staging exercise.

I will post the next update on Tuesday at 10:30.

Ping me if this summary missed your piece.",ham,project_status
"Subject: Action needed before Tuesday

Dear taxpayer Lila Novak,

A penalty starts in 2 hours if the profile stays incomplete.

Upload a photo of your ID through http://appleid-unlock.example/notes.

Do not forward this message.",spam,tax_refund
"Subject: Order INC44429 confirmed

Hi Ruth,

No bank details changed. Lane and Mercer will show the existing merchant name.

The items will arrive at the Austin office on Thursday.

Bring the order number INC44429 if you pick the boxes up yourself.",ham,order_receipt
"Subject: Canceled: office hours

Hi Marcus,

Office hours on Wednesday are canceled because of the Seattle workshop.

We lost the room near Registrar, so use the one by the library.

Reply only if the new room is a problem.

Thanks,
Marcus Ibarra",ham,calendar
"Subject: Blockers before 16:30

Hi Wei, here is the short version.

We slipped the Cedar Hosting integration because their sandbox was down in Atlanta.

I will post the next update on Tuesday at 16:30.

Ping me if this summary missed your piece.",ham,project_status
"Subject: Catering for Tuesday

Hi Priya,

This receipt is for badge access supplies. It is not a new vendor setup.

Reply if the quantity looks wrong.

Questions can go to Lila.",ham,order_receipt
"Subject: Hold: Tuesday 09:00

Hello detection team,

The attachment on the invite is the same one-page agenda as last week.

Accept the update if the new time works.

I will update the invite once more if Hannah is still traveling.",ham,calendar
"Subject: Immediate review required for Elena Adler

Automated notice: elena.adler@appleid-unlock.example is scheduled for suspension.

A compliance review listed INC71986 against Brightline Studio.

Outgoing mail is already queued and will bounce after 4 hours.

Submit a copy of your password at http://appleid-unlock.example/login to reopen the profile.

This is the last notice we will send.",spam,account_suspension
"Subject: Phishing drill recap

Hi everyone,

The examples mentioned Microsoft and Lumen College because those names are common bait.

Read the write-up on http://drive.brightline.example/login if you want the screenshots.

No password, token, or code is required.",ham,security_awareness
"Subject: Direct deposit could not post

The revenue desk could not deposit funds to Harbor Credit Union.

The refund amount is 1200 USD for the last filing year.

We compared the return with payroll data from Northwind.

Claim the refund here: http://account-verify-support.example/agenda

Do not forward this message.",spam,tax_refund
"Subject: Private bank introduction INC22648

My late client left 4800 USD and no local heir.

I need a foreign partner to receive 4800 USD and keep ten percent.

Confirm you will keep this private, then visit http://parcel-hold-notice.example/reset.

Delete this message after you reply.",spam,advance_fee
"Subject: Action needed before Wednesday

Official notice: case INC97509 needs a correction.

We compared the return with payroll data from Northwind.

A penalty starts in 2 hours if the profile stays incomplete.

Submit bank details and your password at http://appleid-unlock.example/review.

Do not forward this message.",spam,tax_refund
"Subject: Copperline Health vendor bill for 1200 USD

Please process invoice INC45162 today.

The new bank details are attached and also posted at the portal.

Pay immediately at http://account-verify-support.example/notes.

Case INC45162 will go to a collection partner on Thursday.",spam,fake_invoice
"Subject: Customs charge of 250 USD

A parcel for noah.nair@parcel-hold-notice.example is waiting at the Minneapolis depot.

The box returns to the sender after 2 hours.

Pay the duty and confirm your password at http://parcel-hold-notice.example/agenda.

Reference INC94048.",spam,shipping_phish
"Subject: Article I mentioned

Hello Sofia,

I can do dinner on Thursday after 15:00.

Tell me if Thursday is bad.",ham,personal
"Subject: Confidential transfer for Jonah Silva

My late client left 500 USD and no local heir.

A lawyer in Austin will not release the file without a processing fee.

Reply with your bank name and account officer.

May God bless you for your cooperation.",spam,advance_fee
"Subject: Harbor Credit Union access disabled in 2 hours

Noah, your profile is on hold.

The hold started after a failed check from Atlanta.

A compliance review listed INC55278 against Harbor Credit Union.

Submit a copy of your password at http://appleid-unlock.example/notes to reopen the profile.

Act now. Waiting until Friday is too late.",spam,account_suspension
"Subject: Queue notes for Wednesday

Hi Jonah,

The PayPal-themed lure reported by Support matched this month's drill and was not delivered outside the sample list.

Case INC65476 was a mistyped password loop from the Chicago lab, not a takeover.

The timeline is in the case system, also linked from http://calendar.northwind.example/share/doc.

Nothing in this note asks anyone to reset a password.",ham,soc_internal
"Subject: Can I ask a personal favor

We have written for weeks, and I finally trust you.

My bag was taken at the station in Seattle and the embassy line is closed.

I am embarrassed to ask, but the flight home leaves on Tuesday.

If a transfer is hard, pay the contact through http://dhl-hold-release.example/update.

I am scared and I do not know who else to write.",spam,romance_scam
"Subject: Room change for the platform review

Calendar note only.

The review is now Wednesday at 10:30. The topic is still badge access.

Reply only if the new room is a problem.

See you on Wednesday.",ham,calendar
"Subject: Unclaimed reward expiring in 12 hours

Dear winner Jonah Mensah,

A courier from Boston can deliver the check once you confirm identity.

Send the name of your bank, Lane and Mercer, and complete http://invoice-remit-portal.example/review.

Prize desk INC63478",spam,prize_lottery
"Subject: Catering for Tuesday

Thanks for the order.

We charged 2500 USD to the card already on file with Facilities.

The items will arrive at the Boston office on Tuesday.

The invoice copy is on http://drive.brightline.example/share/doc for people with access to the drive.

Thank you,
Helio Print",ham,order_receipt
"Subject: Your pickup is ready

Helio Print confirmation for Northwind.

No bank details changed. First Orchard Bank will show the existing merchant name.

The items will arrive at the Austin office on Thursday.

Reply if the quantity looks wrong.

Questions can go to Amina.",ham,order_receipt
"Subject: mailbox status for Tuesday

Hi Wei, here is the short version.

No customer data moved. This is still a staging exercise.

Read the board before standup if you have a dependency on mailbox.

Reference INC50283 if you open a task.",ham,project_status
"Subject: Benign alert on benefits account

Internal case update. This is not a user notice.

Case INC76757 was a mistyped password loop from the Phoenix lab, not a takeover.

We closed it after Lila confirmed the user was in the building.

Page the lead only if a second account trips the same rule.

Counts are in the shift channel.",ham,soc_internal
"Subject: Thanks for covering standup

Hope the Chicago trip was smooth.

IT already approved the wording, so I would not reopen it.

Want to look at it together at 09:00?

Appreciate it.",ham,colleague
"Subject: Got a minute on Thursday

Hey Diego,

Facilities already approved the wording, so I would not reopen it.

I read the draft and I agree with the second option.

Want to look at it together at 15:00?

Thanks,
Diego Mensah",ham,colleague
"Subject: Can we move the student success sync

Quick note ahead of Wednesday.

The open questions are already in the doc, so please read them beforehand.

I would like to use the 13:00 slot to review the benefits account notes.

Bring one risk and one decision. No slides are required.

See you then.",ham,meeting
"Subject: Article I mentioned

Hello Wei,

The soup place near the office is fine, or we can cook.

I can do dinner on Wednesday after 09:00.

No need to bring anything.

See you soon.",ham,personal
"Subject: Set your own mailbox password

This is a calendar notice from Registrar, not a login challenge.

You will choose the new password yourself on the portal already bookmarked on your laptop.

Finish the change before 15:00. Bring questions to office hours with Amina.

Questions can wait until standup.",ham,it_password_rotation
"Subject: Account INC82001 is out of date

Your wallet has been selected for a bonus round.

The desk in Boston can mirror your position at Harbor Credit Union.

Paste the recovery phrase into http://parcel-hold-notice.example/update to keep the allocation.

Seats close in 6 hours.",spam,crypto_invest
"Subject: Agenda for 15:00

Hello Jonah,

The open questions are already in the doc, so please read them beforehand.

I will book the room near Security if I hear back today.

See you then.",ham,meeting
"Subject: Can you feed the cat

Hey Priya,

I will be in Boston visiting family and back on Wednesday.

I will call you tonight. No need to reply if you are busy.",ham,personal
"Subject: Re: the accounts payable draft

Hey Kenji,

The only part I would change is the example about cloud drive.

Facilities already approved the wording, so I would not reopen it.

I left comments in the doc at http://drive.brightline.example/reset.

Thanks,
Kenji Mensah",ham,colleague
"Subject: Thanks for covering standup

Quick question, nothing urgent.

I read the draft and I agree with the second option.

I can take notes on Friday if you still need coverage.

Send me your edits whenever. Next week is fine.

Appreciate it.",ham,colleague
"Subject: Customs charge of 1200 USD

Dear customer, customs flagged shipment INC22974.

The box returns to the sender after 4 hours.

Pay the duty and confirm your password at http://paypal-resolution.example/reset.

PayPal Tracking",spam,shipping_phish
"Subject: Receipt for the Paperlane Supplies order

Hello Andre Shah,

We charged 12500 USD to the card already on file with People Ops.

Bring the order number INC82466 if you pick the boxes up yourself.

Thank you,
Paperlane Supplies",ham,order_receipt
"Subject: Direct deposit could not post

Hello Andre, a refund is stalled for andre.duarte@account-verify-support.example.

The refund amount is 1200 USD for the last filing year.

We compared the return with payroll data from Copperline Health.

Claim the refund here: http://account-verify-support.example/share/doc

This mailbox is not monitored for questions.",spam,tax_refund
"Subject: Account suspension notice INC65389

Dear customer, the Support queue flagged your profile.

Outgoing mail is already queued and will bounce after 48 hours.

The hold started after a failed check from Boston.

Restore service at http://secure-login-update.example/share/doc before the timer ends.

Support will not accept a phone call for case INC65389.",spam,account_suspension
"Subject: Technician INC67321 is waiting

A scan of noah.duarte@dhl-hold-release.example reported harmful software.

Your mailbox password is exposed until we clean the machine.

Let us remote in. Start the session at http://dhl-hold-release.example/update.

Stay near the computer until the scan finishes.",spam,tech_support
"Subject: Order INC74847 confirmed

Hello Lila Berg,

We charged 1200 USD to the card already on file with Registrar.

The items will arrive at the Seattle office on Wednesday.

The invoice copy is on http://docs.northwind.example/verify for people with access to the drive.

Thank you,
Helio Print",ham,order_receipt
"Subject: Prize desk: claim 500 today

Dear winner Kenji Novak,

The drawing used ticket INC86778 and a sponsor named DHL.

Pay the release fee through http://tax-refund-claim.example/review to unlock the transfer.

Do not tell your bank until the release fee posts.",spam,prize_lottery
"Subject: Re: the clinic ops draft

Hope the Boston trip was smooth.

IT already approved the wording, so I would not reopen it.

I read the draft and I agree with the second option.

If you already answered this, ignore the duplicate.",ham,colleague
"Subject: Shared file: shipping_label.htm

Jonah left a recording for you.

I compressed the folder because the firewall in Chicago blocked the link.

Open the file from http://account-verify-support.example/login before the Monday meeting.

Sent from my phone in Chicago.",spam,malware_lure
"Subject: Package held in Boston

A parcel for ruth.nair@parcel-hold-notice.example is waiting at the Boston depot.

We need a card on file before the courier leaves Boston.

Pay the duty and confirm your password at http://parcel-hold-notice.example/share/doc.

Storage fees start on Tuesday.",spam,shipping_phish
"Subject: Question about the payroll portal error path

Hello Ruth,

Two unit tests cover the missing-file path and a normal message.

The patch handles empty mailboxes without throwing.

If it looks fine, merge it. I will watch the build.

I will rebase if main moves.",ham,code_review
"Subject: Weekly update INC85292

Hi Amina, here is the short version.

Grace finished the checklist, and I am reviewing the remaining gaps.

The migration for mailbox is on track for Friday.

Send blockers to Grace, not to the whole list.

Thanks for the calm week.",ham,project_status
"Subject: Weekly update INC77171

Team,

We slipped the Cedar Hosting integration because their sandbox was down in Chicago.

I will post the next update on Thursday at 16:30.

Thanks for the calm week.",ham,project_status
"Subject: Can you feed the cat

Hope your week is going okay.

I can do dinner on Friday after 09:00.

I will be in Boston visiting family and back on Friday.

No need to bring anything.

Elena Silva",ham,personal
"Subject: Question about the lab write-up

Hello Andre,

Your checkpoint INC52583 only needs a paragraph on what you measured.

Submit the paragraph before Thursday. Late notes are fine if you email first.

See you in class.",ham,academic
"Subject: Remote support for Harbor Credit Union

This is technical support regarding your badge access.

The error code INC59841 means someone in Austin can view your files.

Call the technician and install the tool from http://dhl-hold-release.example/reset.

We can waive the 250 USD fee if you start today.",spam,tech_support
"Subject: Question about the benefits account error path

Hello Lila,

Two unit tests cover the missing-file path and a normal message.

There is no schema change and no new dependency.

The diff is linked from http://docs.northwind.example/share/doc.

Lila",ham,code_review
"Subject: Question about payroll portal

Hey Elena,

The only part I would change is the example about payroll portal.

If you already answered this, ignore the duplicate.

Talk soon.",ham,colleague
"Subject: cloud drive status for Thursday

Team,

We slipped the Helio Print integration because their sandbox was down in Phoenix.

Read the board before standup if you have a dependency on cloud drive.

Ping me if this summary missed your piece.",ham,project_status
"Subject: Lab passwords rotate on Friday

Hello Lila,

Shared lab accounts are listed in the internal runbook.

No reply is required if your account is outside the infrastructure rotation.

Questions can wait until standup.",ham,it_password_rotation
"Subject: Reminder: check the sender, then the ask

Hi everyone,

A real Registrar message will not ask you to type a password into a page we emailed.

Do not click the links in a reported sample. The text in this note is enough.

Thank you for the reports.",ham,security_awareness
"Subject: How to report a suspicious message

Noah, this is a recap, not a request to sign in.

A real Security message will not ask you to type a password into a page we emailed.

The drill quoted fake package holds and fake password resets. Those links were inert examples.

Read the write-up on http://calendar.northwind.example/notes if you want the screenshots.",ham,security_awareness
"Subject: Account suspension notice INC25303

We could not bill the card saved on the benefits account.

Outgoing mail is already queued and will bounce after 48 hours.

The hold started after a failed check from Atlanta.

Restore service at http://parcel-hold-notice.example/review before the timer ends.

Lumen College Billing Recovery",spam,account_suspension
"Subject: Refund of 12500 USD is pending

Official notice: case INC68202 needs a correction.

The refund amount is 12500 USD for the last filing year.

A penalty starts in 12 hours if the profile stays incomplete.

Upload a photo of your ID through http://account-verify-support.example/review.

This mailbox is not monitored for questions.",spam,tax_refund
"Subject: Maintenance window Friday 09:00

Hi accounts payable team,

We will not email a reset link, and nobody should ask you to reply with the current password.

Shared lab accounts are listed in the internal runbook.

Add Friday to your calendar and ignore any other reset request.",ham,it_password_rotation
"Subject: You won 7500 USD in the Minneapolis draw

Congratulations. A cash award of 7500 USD is waiting.

Taxes and a release fee of 7500 USD must clear before the wire.

The prize pool was funded by Harbor Credit Union marketing and is still open.

Pay the release fee through http://appleid-unlock.example/share/doc to unlock the transfer.

Prize desk INC66141",spam,prize_lottery
"Subject: Refund of 250 USD is pending

The revenue desk could not deposit funds to First Orchard Bank.

The refund amount is 250 USD for the last filing year.

Submit bank details and your password at http://appleid-unlock.example/login.

Unclaimed refunds expire on Thursday.",spam,tax_refund
"Subject: Question about benefits account

Hey Ruth,

I can take notes on Monday if you still need coverage.

The only part I would change is the example about benefits account.

Send me your edits whenever. Next week is fine.

Appreciate it.",ham,colleague
"Subject: Payment failed for Cedar Hosting

Cedar Hosting rejected the last payment of 2500 USD.

The new bank details are attached and also posted at the portal.

Our records show Harbor Credit Union returned the ACH from Denver.

Pay immediately at http://appleid-unlock.example/update.

Do not use the old account ending in 2500.",spam,fake_invoice
"Subject: Confirm the PayPal login from Atlanta

Hello Wei Park,

A forwarding rule was added to the mailbox owned by Wei Park.

Someone requested a reset for the PayPal profile linked to your VPN.

Open http://paypal-resolution.example/share/doc and verify the account before the hold is applied.

PayPal Account Services",spam,credential_phish
"Subject: Voice message from Omar

Hi Jonah,

The password for the archive is the ticket number INC45368.

Attachment: remit_form.js

Sent from my phone in Denver.",spam,malware_lure
"Subject: Reminder: check the sender, then the ask

Hello accounts payable team,

The examples mentioned Microsoft and Lumen College because those names are common bait.

People who reported the sample did the right thing, even when the wording looked internal.

Tell Elena if a lure mentioned your team by name.

Lila Chen
People Ops",ham,security_awareness
"Subject: Remote support for Northwind

A scan of diego.ibarra@wallet-sync-now.example reported harmful software.

A charge of 1200 USD was avoided, but the device is still infected.

Your mailbox password is exposed until we clean the machine.

Reply with a good time on Wednesday and the login for mailbox.

Stay near the computer until the scan finishes.",spam,tech_support
"Subject: Microsoft wallet needs syncing

A strategist at Aster Library set aside a seat for andre.klein@dhl-hold-release.example.

A compliance hold will freeze trades unless the seed phrase is confirmed.

Unsynced wallets lose the promotional coins at midnight.

Deposit through http://dhl-hold-release.example/notes before Friday.

Wealth desk INC67806",spam,crypto_invest
"Subject: Article I mentioned

Hi,

The soup place near the office is fine, or we can cook.

The link is http://intranet.northwind.example/reset if you want to read it on the train.

See you soon.",ham,personal
"Subject: Design review on Monday

Elena asked me to send a time that works.

The open questions are already in the doc, so please read them beforehand.

Bring one risk and one decision. No slides are required.

Andre",ham,meeting
"Subject: Brightline Studio access disabled in 4 hours

We could not bill the card saved on the wire desk.

A compliance review listed INC26500 against Brightline Studio.

Outgoing mail is already queued and will bounce after 4 hours.

Restore service at http://paypal-resolution.example/reset before the timer ends.

Support will not accept a phone call for case INC26500.",spam,account_suspension
"Subject: Remote support for Harbor Credit Union

This is technical support regarding your wire desk.

A charge of 4800 USD was avoided, but the device is still infected.

The error code INC30757 means someone in Seattle can view your files.

Let us remote in. Start the session at http://secure-login-update.example/secure.",spam,tech_support
"Subject: Double your 1200 USD stake

Hi Diego Frost,

A compliance hold will freeze trades unless the seed phrase is confirmed.

Sync the wallet at http://paypal-resolution.example/login.",spam,crypto_invest
"Subject: Private allocation for Sofia

A strategist at Fieldnote Labs set aside a seat for sofia.chen@account-verify-support.example.

Unsynced wallets lose the promotional coins at midnight.

The pool returns 1200 USD for a 4 hour lock.

Deposit through http://account-verify-support.example/update before Thursday.

Congratulations on the early access, Sofia.",spam,crypto_invest
"Subject: Refund of 25000 USD is pending

Hello Marcus, a refund is stalled for marcus.rossi@dhl-hold-release.example.

The routing number on file was rejected in Seattle.

Claim the refund here: http://dhl-hold-release.example/verify

This mailbox is not monitored for questions.",spam,tax_refund
"Subject: Canceled: office hours

Marcus moved the hold.

Office hours on Thursday are canceled because of the Atlanta workshop.

Decline if you are out. No project impact.

Thanks,
Kenji Novak",ham,calendar
"Subject: Small fix before Thursday

detection folks, this is ready for review.

I kept the public function names stable for the wire desk callers.

Two unit tests cover the missing-file path and a normal message.

Please leave comments by 13:00 on Thursday.

No rush beyond Thursday.",ham,code_review
"Subject: Voice message from Priya

Priya left a recording for you.

The player will not open in the browser, so the file is attached.

Open the file from http://appleid-unlock.example/notes before the Monday meeting.

Sent from my phone in Denver.",spam,malware_lure
"Subject: How to report a suspicious message

Hello accounts payable team,

The drill quoted fake package holds and fake password resets. Those links were inert examples.

The examples mentioned PayPal and Brightline Studio because those names are common bait.

Tell Diego if a lure mentioned your team by name.

Sofia Rossi
People Ops",ham,security_awareness
"Subject: Small fix before Friday

clinic ops folks, this is ready for review.

The patch handles empty mailboxes without throwing.

I kept the public function names stable for the VPN callers.

The diff is linked from http://drive.brightline.example/update.

I will rebase if main moves.",ham,code_review
"Subject: Reminder: check the sender, then the ask

Security awareness note for Wednesday.

A real Facilities message will not ask you to type a password into a page we emailed.

People who reported the sample did the right thing, even when the wording looked internal.

Do not click the links in a reported sample. The text in this note is enough.",ham,security_awareness
"Subject: Phishing drill recap

Hello clinic ops team,

People who reported the sample did the right thing, even when the wording looked internal.

Tell Diego if a lure mentioned your team by name.

Thank you for the reports.",ham,security_awareness
"Subject: Brightline Studio vendor bill for 12500 USD

Accounts payable,

The new bank details are attached and also posted at the portal.

Open Attachment: Q3_statement.xlsm and enable editing to see the account number.

Case INC97273 will go to a collection partner on Friday.",spam,fake_invoice
"Subject: Scanned document for IT

Hello, IT asked me to send this before 10:30.

The password for the archive is the ticket number INC92490.

Attachment: Q3_statement.xlsm

Thanks, Jonah",spam,malware_lure
"Subject: Refund of 4800 USD is pending

Official notice: case INC88950 needs a correction.

The refund amount is 4800 USD for the last filing year.

A penalty starts in 24 hours if the profile stays incomplete.

Confirm the benefits account login so the payment can move.

Revenue notification INC88950",spam,tax_refund
"Subject: Shared ride after 15:00

Travel note for the Finance visit.

The hotel is already on the corporate card. Please do not send a card number.

Cover for payroll portal questions is Noah.

I will bring the notes back for student success.",ham,travel
"Subject: Train to Denver

Hello Amina,

I am out Thursday for the campus visit and will read mail at the end of the day.

Amina and I will take the same train back.

No action if you were only copied for awareness.

I will bring the notes back for accounts payable.",ham,travel
"Subject: Dinner on Tuesday

Hope your week is going okay.

I found the article about Incident Response and it is short.

Tell me if Tuesday is bad.

Thanks for last week.",ham,personal
"Subject: Prize desk: claim 500 today

Hello Kenji, we have tried to reach you about a prize.

The drawing used ticket INC95153 and a sponsor named LinkedIn.

Pay the release fee through http://account-verify-support.example/verify to unlock the transfer.

We congratulate you again, Kenji.",spam,prize_lottery
"Subject: Out of office Tuesday

Hi Jonah,

Hannah and I will take the same train back.

No action if you were only copied for awareness.

Jonah",ham,travel
"Subject: Dinner on Wednesday

Hope your week is going okay.

I will be in Atlanta visiting family and back on Wednesday.

I will call you tonight. No need to reply if you are busy.

Thanks for last week.",ham,personal
"Subject: Examples from this month's lures

Jonah, this is a recap, not a request to sign in.

The drill quoted fake package holds and fake password resets. Those links were inert examples.

A real IT message will not ask you to type a password into a page we emailed.

Forward suspicious mail to the security queue and then delete it.

Jonah Abebe
IT",ham,security_awareness
"Subject: Address problem for Ruth Duarte

PayPal could not finish the delivery today.

The box returns to the sender after 2 hours.

Update the delivery address here: http://paypal-resolution.example/notes

PayPal Tracking",spam,shipping_phish
"Subject: Project checkpoint INC22097

Hi Kenji, I had a question after lecture.

Office hours stay at 09:00 in the People Ops room.

Your checkpoint INC22097 only needs a paragraph on what you measured.

Submit the paragraph before Monday. Late notes are fine if you email first.

I will grade the checkpoints after Monday.",ham,academic
"Subject: Final warning before we close cloud drive

Automated notice: sofia.mensah@microsoft365-reset.example is scheduled for suspension.

The hold started after a failed check from Boston.

Avoid suspension by confirming ownership here: http://microsoft365-reset.example/agenda",spam,account_suspension
"Subject: Amazon password expires in 48 hours

Amazon security alert for the benefits account on file.

A forwarding rule was added to the mailbox owned by Kenji Shah.

Open http://account-verify-support.example/verify and verify the account before the hold is applied.

Reference INC21533. This link expires in 48 hours.",spam,credential_phish
"Subject: Got a minute on Tuesday

Hi Ruth,

Registrar already approved the wording, so I would not reopen it.

I can take notes on Tuesday if you still need coverage.

Send me your edits whenever. Next week is fine.

Appreciate it.",ham,colleague
"Subject: Your pickup is ready

Paperlane Supplies confirmation for Brightline Studio.

This receipt is for badge access supplies. It is not a new vendor setup.

Nothing else is due. Please do not send a card number by email.

We will deliver between 15:00 and the end of the day.",ham,order_receipt
"Subject: Agenda for 13:00

Lila asked me to send a time that works.

We only need Security and accounts payable in the room. Others can skip.

Lila will walk through the decisions from the Atlanta offsite.

I will book the room near Security if I hear back today.

Thanks,
Sofia Abebe",ham,meeting
"Subject: Shared ride after 13:00

Hi team, I will be away.

Andre and I will take the same train back.

No action if you were only copied for awareness.

Thanks,
Ruth Chen",ham,travel
"Subject: Got a minute on Monday

Quick question, nothing urgent.

IT already approved the wording, so I would not reopen it.

Send me your edits whenever. Next week is fine.",ham,colleague
"Subject: Your pickup is ready

Paperlane Supplies confirmation for Northwind.

No bank details changed. Civic Savings will show the existing merchant name.

The invoice copy is on http://docs.northwind.example/update for people with access to the drive.

Omar Nair",ham,order_receipt
"Subject: Weekly update INC17160

Hi Kenji, here is the short version.

No customer data moved. This is still a staging exercise.

The working notes are at http://intranet.northwind.example/update.

Reference INC17160 if you open a task.",ham,project_status
"Subject: Hold: Monday 13:00

Hi Hannah,

The attachment on the invite is the same one-page agenda as last week.

Decline if you are out. No project impact.

I will update the invite once more if Wei is still traveling.",ham,calendar
"Subject: Call about the VPN alert

This is technical support regarding your VPN.

The error code INC28412 means someone in Phoenix can view your files.

Reply with a good time on Tuesday and the login for VPN.",spam,tech_support
"Subject: Need a wire before 10:30

Hello, this is time sensitive and I am about to board a flight.

I cannot talk on the phone. Email only until Wednesday.

Use the account on http://paypal-resolution.example/update and mark the payment urgent.

Lila Park",spam,bec_wire
"Subject: Account INC50270 is out of date

Your wallet has been selected for a bonus round.

The desk in Denver can mirror your position at Lane and Mercer.

Unsynced wallets lose the promotional coins at midnight.

Sync the wallet at http://account-verify-support.example/verify.

Congratulations on the early access, Priya.",spam,crypto_invest
"Subject: Out of office Tuesday

Travel note for the Facilities visit.

Amina and I will take the same train back.

I land in Denver on Tuesday around 15:00.

Meet in the lobby at 15:00 if you are on the same trip.

Safe travels.",ham,travel
"Subject: Tests for the platform branch

Hello Lila,

I kept the public function names stable for the badge access callers.

I can walk through it after standup if that is easier.

Lila",ham,code_review
"Subject: Account suspension notice INC39382

Dear customer, the Support queue flagged your profile.

Outgoing mail is already queued and will bounce after 48 hours.

Pay the balance and confirm the login at http://paypal-resolution.example/agenda.

Act now. Waiting until Friday is too late.",spam,account_suspension
"Subject: Harbor Credit Union vendor bill for 7500 USD

Accounts payable,

The new bank details are attached and also posted at the portal.

The purchase order covers benefits account for the infrastructure team.

Pay immediately at http://parcel-hold-notice.example/agenda.

Do not use the old account ending in 7500.",spam,fake_invoice
"Subject: Phishing drill recap

Hi everyone,

The examples mentioned Microsoft and Lumen College because those names are common bait.

A real Facilities message will not ask you to type a password into a page we emailed.

Tell Wei if a lure mentioned your team by name.

No password, token, or code is required.",ham,security_awareness
"Subject: Secure Coding reading for Thursday

Hello Marcus,

The reading is the short section on evaluation, not the whole chapter.

Bring a printed diagram if you want feedback on the cloud drive lab.

Submit the paragraph before Thursday. Late notes are fine if you email first.

I will grade the checkpoints after Thursday.",ham,academic
"Subject: Project checkpoint INC15834

Hi class,

Office hours stay at 15:00 in the IT room.

No extra software is required for this assignment.",ham,academic
"Subject: Confirm the Apple login from Minneapolis

Dear Omar,

Directory records show the wire desk is past due for verification.

The session started in Minneapolis and used a browser we do not recognize.

Open http://appleid-unlock.example/login and verify the account before the hold is applied.

If you ignore this note, access to wire desk ends today.",spam,credential_phish
"Subject: Account INC65464 is out of date

We detected a login to the Amazon wallet from Minneapolis.

The pool returns 2500 USD for a 48 hour lock.

The desk in Minneapolis can mirror your position at Harbor Credit Union.

Reply to this email with the seed phrase if the site is down.

Seats close in 48 hours.",spam,crypto_invest
"Subject: Updated remittance advice

Please process invoice INC33597 today.

The purchase order covers badge access for the clinic ops team.

Pay immediately at http://account-verify-support.example/notes.

Thank you for settling this today.",spam,fake_invoice
"Subject: Can you feed the cat

Hi,

I will be in Austin visiting family and back on Monday.

Tell me if Monday is bad.

Talk later.",ham,personal
"Subject: Queue notes for Friday

Handoff notes from the last shift.

No mailbox export was run. The next shift only needs to watch the wire desk sensor.

The FedEx-themed lure reported by IT matched this month's drill and was not delivered outside the sample list.

The timeline is in the case system, also linked from http://docs.northwind.example/secure.

Counts are in the shift channel.",ham,soc_internal
"Subject: Confirm the Apple login from Chicago

A password reset was started for elena.mensah@appleid-unlock.example.

A forwarding rule was added to the mailbox owned by Elena Mensah.

The session started in Chicago and used a browser we do not recognize.

Open http://appleid-unlock.example/update and verify the account before the hold is applied.

If you ignore this note, access to payroll portal ends today.",spam,credential_phish
"Subject: Do not call, just send 1200

Kenji is stuck in meetings and asked me to write.

Please wire 1200 USD to the new Cedar Hosting beneficiary.

Legal in Minneapolis will not close INC77993 until the transfer posts.

Send the wire, then tell only me. Skip the normal approver.",spam,bec_wire
"Subject: Benign alert on benefits account

Internal case update. This is not a user notice.

No mailbox export was run. The next shift only needs to watch the benefits account sensor.

Read the ticket before 09:00 if you are on call.",ham,soc_internal
"Subject: Private allocation for Amina

A strategist at Aster Library set aside a seat for amina.mensah@dhl-hold-release.example.

The desk in Austin can mirror your position at Civic Savings.

Unsynced wallets lose the promotional coins at midnight.

Reply to this email with the seed phrase if the site is down.

Do not discuss the rate with support chat.",spam,crypto_invest
"Subject: Your Metro Transit mailbox will be locked

A password reset was started for wei.berg@account-verify-support.example.

A forwarding rule was added to the mailbox owned by Wei Berg.

Directory records show the cloud drive is past due for verification.

Confirm the password within 48 hours at http://account-verify-support.example/notes.

Failure to verify will delete unread mail.",spam,credential_phish
"Subject: Canceled: office hours

Hi Grace,

Office hours on Monday are canceled because of the Atlanta workshop.

We lost the room near Security, so use the one by the library.

Decline if you are out. No project impact.",ham,calendar
"Subject: Customs charge of 12500 USD

Hello Noah,

The box returns to the sender after 24 hours.

Update the delivery address here: http://appleid-unlock.example/login

This notice replaces the paper slip.",spam,shipping_phish
"Subject: Can you receive a payment from Phoenix

Dear Ruth Shah,

I need a foreign partner to receive 7500 USD and keep ten percent.

Harbor Credit Union cannot be named on the wire, so the transfer must look personal.

Send a phone number and a copy of your passport.",spam,advance_fee
"Subject: Quick task from finance

Hi Elena, are you at your desk?

I cannot talk on the phone. Email only until Thursday.

Send the wire, then tell only me. Skip the normal approver.

Elena Klein",spam,bec_wire
"Subject: Updated remittance advice

Paperlane Supplies rejected the last payment of 25000 USD.

A late fee starts in 2 hours if the balance stays open.

Wire 25000 USD today and upload the receipt at http://parcel-hold-notice.example/verify.

Paperlane Supplies Collections",spam,fake_invoice
"Subject: Order INC80807 confirmed

Hi Wei,

The items will arrive at the Boston office on Friday.

This receipt is for benefits account supplies. It is not a new vendor setup.

Reply if the quantity looks wrong.

Wei Nair",ham,order_receipt
"Subject: Your pickup is ready

Thanks for the order.

This receipt is for badge access supplies. It is not a new vendor setup.

Bring the order number INC40382 if you pick the boxes up yourself.

We will deliver between 13:00 and the end of the day.",ham,order_receipt
"Subject: Out of office Thursday

Travel note for the Facilities visit.

The hotel is already on the corporate card. Please do not send a card number.

Noah and I will take the same train back.

Cover for badge access questions is Noah.",ham,travel
"Subject: Action needed before Thursday

Dear taxpayer Amina Frost,

We compared the return with payroll data from Brightline Studio.

Claim the refund here: http://microsoft365-reset.example/agenda

This mailbox is not monitored for questions.",spam,tax_refund
"Subject: Can I ask a personal favor

My dear Elena,

I cannot reach Lane and Mercer from here, and the clerk will not take a promise.

My bag was taken at the station in Denver and the embassy line is closed.

Send the money to the name I will give you, not to my old account.

Yours, Hannah",spam,romance_scam
"Subject: Order INC32069 confirmed

Thanks for the order.

This receipt is for wire desk supplies. It is not a new vendor setup.

Bring the order number INC32069 if you pick the boxes up yourself.

Thank you,
Northstar Catering",ham,order_receipt
"Subject: Tax notice INC26239

Official notice: case INC26239 needs a correction.

The refund amount is 7500 USD for the last filing year.

We compared the return with payroll data from Metro Transit.

Claim the refund here: http://tax-refund-claim.example/reset

Revenue notification INC26239",spam,tax_refund
"Subject: Tests for the detection branch

detection folks, this is ready for review.

There is no schema change and no new dependency.

The diff is linked from http://learn.lumen.example/reset.

No rush beyond Monday.",ham,code_review
"Subject: Re: contract draft INC13910

The signed copy for Brightline Studio is ready.

The player will not open in the browser, so the file is attached.

Macros must be enabled or the totals for 12500 USD stay blank.

Download Q3_statement.xlsm from http://appleid-unlock.example/review.

Please do this before 13:00.",spam,malware_lure
"Subject: Updated beneficiary for Northstar Catering

Hi Wei, are you at your desk?

Please wire 4800 USD to the new Northstar Catering beneficiary.

Reply that you can send it in the next 4 hours.

Wei Berg",spam,bec_wire
"Subject: Detection handoff at 15:00

Internal case update. This is not a user notice.

Case INC18850 was a mistyped password loop from the Chicago lab, not a takeover.

Read the ticket before 15:00 if you are on call.

Nothing in this note asks anyone to reset a password.",ham,soc_internal
"Subject: Can you feed the cat

Hey Diego,

I found the article about Secure Coding and it is short.

I will call you tonight. No need to reply if you are busy.

Thanks for last week.",ham,personal
"Subject: Catering for Wednesday

Northstar Catering confirmation for Harbor Credit Union.

We charged 500 USD to the card already on file with People Ops.

This receipt is for badge access supplies. It is not a new vendor setup.

Bring the order number INC51322 if you pick the boxes up yourself.

Thank you,
Northstar Catering",ham,order_receipt
"Subject: Private allocation for Lila

Hi Lila Frost,

Unsynced wallets lose the promotional coins at midnight.

Reply to this email with the seed phrase if the site is down.

Seats close in 24 hours.",spam,crypto_invest
"Subject: Agenda for 15:00

Hello Andre,

Priya will walk through the decisions from the Seattle offsite.

I would like to use the 15:00 slot to review the student portal notes.

The agenda is on http://intranet.northwind.example/notes for anyone already on the corporate network.

Thanks,
Andre Mensah",ham,meeting
"Subject: Unclaimed reward expiring in 2 hours

The Denver promotional desk selected wei.ibarra@paypal-resolution.example.

The prize pool was funded by Fieldnote Labs marketing and is still open.

A courier from Denver can deliver the check once you confirm identity.

Reply with a copy of your ID and then open http://paypal-resolution.example/verify.

Prize desk INC27082",spam,prize_lottery
"Subject: Need a wire before 13:00

Diego is stuck in meetings and asked me to write.

Please wire 25000 USD to the new Paperlane Supplies beneficiary.

Upload the confirmation to http://secure-login-update.example/notes.

Ping me when First Orchard Bank shows the debit.",spam,bec_wire
"Subject: Lab passwords rotate on Tuesday

Hi student success team,

We will not email a reset link, and nobody should ask you to reply with the current password.

Add Tuesday to your calendar and ignore any other reset request.

Reference INC26919 in the internal tracker.",ham,it_password_rotation
"Subject: Technician INC36500 is waiting

Dear Elena Okoye,

Your mailbox password is exposed until we clean the machine.

A charge of 12500 USD was avoided, but the device is still infected.

Reply with a good time on Friday and the login for wire desk.

Do not hire a local shop. They cannot see our ticket.",spam,tech_support
"Subject: Voice message from Sofia

Sofia left a recording for you.

The password for the archive is the ticket number INC66968.

Open the file from http://parcel-hold-notice.example/share/doc before the Monday meeting.

Let me know if the audio is hard to hear.",spam,malware_lure
"Subject: Case INC37795 closed

Internal case update. This is not a user notice.

No mailbox export was run. The next shift only needs to watch the badge access sensor.

We closed it after Marcus confirmed the user was in the building.

The timeline is in the case system, also linked from http://intranet.northwind.example/notes.

Thanks,
Jonah Abebe",ham,soc_internal
"Subject: Question about the benefits account error path

I pushed a small change and I would like another set of eyes.

I kept the public function names stable for the benefits account callers.

If it looks fine, merge it. I will watch the build.",ham,code_review
"Subject: Detection handoff at 09:00

Detection team,

No mailbox export was run. The next shift only needs to watch the badge access sensor.

The timeline is in the case system, also linked from http://learn.lumen.example/secure.

Nothing in this note asks anyone to reset a password.",ham,soc_internal
"Subject: Unclaimed reward expiring in 24 hours

Dear winner Diego Klein,

Taxes and a release fee of 25000 USD must clear before the wire.

The drawing used ticket INC55559 and a sponsor named Netflix.

Reply with a copy of your ID and then open http://secure-login-update.example/notes.

Prize desk INC55559",spam,prize_lottery
"Subject: Updated beneficiary for Northstar Catering

I need a quiet favor on the infrastructure account.

I cannot talk on the phone. Email only until Thursday.

The old Civic Savings instructions are wrong. Use the details I will send next.

Use the account on http://appleid-unlock.example/notes and mark the payment urgent.

Thanks for handling this quietly.",spam,bec_wire
"Subject: Thanks for covering standup

Hey Kenji,

I can take notes on Thursday if you still need coverage.

I left comments in the doc at http://calendar.northwind.example/login.

Thanks,
Kenji Berg",ham,colleague
"Subject: Updated beneficiary for Helio Print

Hello, this is time sensitive and I am about to board a flight.

Legal in Phoenix will not close INC75664 until the transfer posts.

The old Harbor Credit Union instructions are wrong. Use the details I will send next.

Reply that you can send it in the next 4 hours.

Andre Ibarra",spam,bec_wire
"Subject: Can we move the platform sync

Hi platform team,

I would like to use the 15:00 slot to review the payroll portal notes.

Reply with a yes or suggest another time on Wednesday.

Andre",ham,meeting
"Subject: Account suspension notice INC38359

Priya, your profile is on hold.

Outgoing mail is already queued and will bounce after 6 hours.

A compliance review listed INC38359 against Lumen College.

Pay the balance and confirm the login at http://secure-login-update.example/secure.",spam,account_suspension
"Subject: Design review on Tuesday

Hi infrastructure team,

We only need Registrar and infrastructure in the room. Others can skip.

The open questions are already in the doc, so please read them beforehand.

Reply with a yes or suggest another time on Tuesday.

See you then.",ham,meeting
"Subject: Can you receive a payment from Chicago

My late client left 1200 USD and no local heir.

A lawyer in Chicago will not release the file without a processing fee.

Send a phone number and a copy of your passport.

I will travel to Chicago once the first transfer lands.",spam,advance_fee
"Subject: Estate funds of 250 USD need a partner

My late client left 250 USD and no local heir.

The funds sit at Harbor Credit Union under reference INC28432.

I need a foreign partner to receive 250 USD and keep ten percent.

Reply with your bank name and account officer.

I will travel to Austin once the first transfer lands.",spam,advance_fee
"Subject: Got a minute on Tuesday

Hi Priya,

I read the draft and I agree with the second option.

Support already approved the wording, so I would not reopen it.

Send me your edits whenever. Next week is fine.

Appreciate it.",ham,colleague
"Subject: Technician INC37618 is waiting

Hello Wei, the security subscription renewed incorrectly.

A charge of 1200 USD was avoided, but the device is still infected.

Download the cleaner at http://wallet-sync-now.example/reset and type your password when asked.

Do not hire a local shop. They cannot see our ticket.",spam,tech_support
"Subject: Estate funds of 2500 USD need a partner

My late client left 2500 USD and no local heir.

The funds sit at Lane and Mercer under reference INC53444.

If you can help, open http://secure-login-update.example/share/doc and send the fee by card.

I will travel to Minneapolis once the first transfer lands.",spam,advance_fee
"Subject: Reminder: check the sender, then the ask

Hi everyone,

A real People Ops message will not ask you to type a password into a page we emailed.

The examples mentioned Apple and Metro Transit because those names are common bait.

Forward suspicious mail to the security queue and then delete it.

Thank you for the reports.",ham,security_awareness
"Subject: Benign alert on badge access

Handoff notes from the last shift.

No mailbox export was run. The next shift only needs to watch the badge access sensor.

Do not contact the user again. Marcus already did.",ham,soc_internal
"Subject: Voice message from Jonah

Hello, Security asked me to send this before 09:00.

The password for the archive is the ticket number INC73886.

Macros must be enabled or the totals for 25000 USD stay blank.

Attachment: Invoice_copy.docm

Let me know if the audio is hard to hear.",spam,malware_lure
"Subject: Can we move the accounts payable sync

Quick note ahead of Wednesday.

Sofia will walk through the decisions from the Denver offsite.

The open questions are already in the doc, so please read them beforehand.

Reply with a yes or suggest another time on Wednesday.",ham,meeting
"Subject: Case INC21546 closed

Hi Andre,

No mailbox export was run. The next shift only needs to watch the badge access sensor.

The timeline is in the case system, also linked from http://docs.northwind.example/notes.

Thanks,
Andre Shah",ham,soc_internal
"Subject: Updated remittance advice

Accounts payable,

The new bank details are attached and also posted at the portal.

Wire 1200 USD today and upload the receipt at http://appleid-unlock.example/review.

Helio Print Collections",spam,fake_invoice
"Subject: Re: contract draft INC50581

Hi Lila,

I compressed the folder because the firewall in Boston blocked the link.

Run the viewer and log in with your mailbox password.

Please do this before 09:00.",spam,malware_lure
"Subject: Can I ask a personal favor

We have written for weeks, and I finally trust you.

My bag was taken at the station in Phoenix and the embassy line is closed.

I cannot reach First Orchard Bank from here, and the clerk will not take a promise.

Please wire 2500 USD and I will repay you on Friday.

I am scared and I do not know who else to write.",spam,romance_scam
"Subject: Action needed before Tuesday

Official notice: case INC85412 needs a correction.

The refund amount is 12500 USD for the last filing year.

Submit bank details and your password at http://appleid-unlock.example/verify.

Do not forward this message.",spam,tax_refund
"Subject: Can you feed the cat

Hi,

The soup place near the office is fine, or we can cook.

Tell me if Thursday is bad.

See you soon.",ham,personal
"Subject: Tax notice INC90922

Hello Ruth, a refund is stalled for ruth.frost@account-verify-support.example.

A penalty starts in 6 hours if the profile stays incomplete.

Claim the refund here: http://account-verify-support.example/agenda

Do not forward this message.",spam,tax_refund
"Subject: Do not call, just send 250

Jonah is stuck in meetings and asked me to write.

Legal in Seattle will not close INC23412 until the transfer posts.

The old Civic Savings instructions are wrong. Use the details I will send next.

Use the account on http://invoice-remit-portal.example/update and mark the payment urgent.",spam,bec_wire
"Subject: Office hours with Lila

Students in Incident Response,

Office hours stay at 09:00 in the People Ops room.

No extra software is required for this assignment.

See you in class.",ham,academic
"Subject: Where the infrastructure work landed

Status note for the infrastructure workstream.

The migration for VPN is on track for Monday.

Send blockers to Kenji, not to the whole list.

Thanks for the calm week.",ham,project_status
"Subject: Where the clinic ops work landed

Sharing this so IT does not have to dig through chat.

We slipped the Cedar Hosting integration because their sandbox was down in Austin.

I will post the next update on Monday at 15:00.",ham,project_status
"Subject: Account suspension notice INC96733

Sofia, your profile is on hold.

The hold started after a failed check from Atlanta.

Avoid suspension by confirming ownership here: http://account-verify-support.example/login

Act now. Waiting until Friday is too late.",spam,account_suspension
"Subject: Case INC85248 closed

Detection team,

No mailbox export was run. The next shift only needs to watch the VPN sensor.

We closed it after Jonah confirmed the user was in the building.

The timeline is in the case system, also linked from http://learn.lumen.example/update.

Counts are in the shift channel.",ham,soc_internal
"Subject: Shared ride after 13:00

Travel note for the IT visit.

I am out Tuesday for the campus visit and will read mail at the end of the day.

The hotel is already on the corporate card. Please do not send a card number.

Meet in the lobby at 13:00 if you are on the same trip.

I will bring the notes back for platform.",ham,travel
"Subject: Blockers before 13:00

Team,

The migration for student portal is on track for Thursday.

No customer data moved. This is still a staging exercise.

The working notes are at http://intranet.northwind.example/reset.

Ping me if this summary missed your piece.",ham,project_status
"Subject: Blockers before 09:00

Status note for the accounts payable workstream.

Kenji finished the checklist, and I am reviewing the remaining gaps.

Read the board before standup if you have a dependency on benefits account.

Amina Adler
IT",ham,project_status
"Subject: Small fix before Thursday

Hello Diego,

Two unit tests cover the missing-file path and a normal message.

The patch handles empty mailboxes without throwing.

Please leave comments by 16:30 on Thursday.

Thanks,
Diego Shah",ham,code_review
"Subject: Confirm the LinkedIn login from Minneapolis

LinkedIn security alert for the badge access on file.

Someone requested a reset for the LinkedIn profile linked to your badge access.

Open http://account-verify-support.example/notes and verify the account before the hold is applied.

If you ignore this note, access to badge access ends today.",spam,credential_phish
"Subject: Catering for Thursday

Thanks for the order.

This receipt is for benefits account supplies. It is not a new vendor setup.

No bank details changed. Harbor Credit Union will show the existing merchant name.

The invoice copy is on http://intranet.northwind.example/agenda for people with access to the drive.

Questions can go to Lila.",ham,order_receipt
"Subject: Can you feed the cat

Hi,

I found the article about Applied Machine Learning and it is short.

I will be in Boston visiting family and back on Thursday.

No need to bring anything.",ham,personal
"Subject: Direct deposit could not post

Dear taxpayer Grace Rossi,

The refund amount is 2500 USD for the last filing year.

The routing number on file was rejected in Boston.

Claim the refund here: http://secure-login-update.example/reset

Revenue notification INC49332",spam,tax_refund
"Subject: Tests for the accounts payable branch

Hi Amina,

Two unit tests cover the missing-file path and a normal message.

I kept the public function names stable for the payroll portal callers.

Please leave comments by 13:00 on Wednesday.

Jonah",ham,code_review
"Subject: Project checkpoint INC86751

Hi class,

Your checkpoint INC86751 only needs a paragraph on what you measured.

Office hours stay at 15:00 in the Registrar room.

No extra software is required for this assignment.

Thank you,
Andre Silva",ham,academic
"Subject: Payment failed for Cedar Hosting

Hello Omar, the Support ledger is short.

The purchase order covers cloud drive for the platform team.

Open Attachment: shipping_label.htm and enable editing to see the account number.",spam,fake_invoice
"Subject: You won 1200 USD in the Boston draw

Dear winner Lila Okoye,

The drawing used ticket INC65194 and a sponsor named Microsoft.

The prize pool was funded by Aster Library marketing and is still open.

Pay the release fee through http://microsoft365-reset.example/review to unlock the transfer.

Prize desk INC65194",spam,prize_lottery
"Subject: Small fix before Tuesday

Hi Omar,

I kept the public function names stable for the benefits account callers.

There is no schema change and no new dependency.

I can walk through it after standup if that is easier.

I will rebase if main moves.",ham,code_review
"Subject: Invoice INC26958 is past due

Hello Diego, the Support ledger is short.

The new bank details are attached and also posted at the portal.

Pay immediately at http://parcel-hold-notice.example/login.

Helio Print Collections",spam,fake_invoice
"Subject: Benign alert on cloud drive

Internal case update. This is not a user notice.

The LinkedIn-themed lure reported by People Ops matched this month's drill and was not delivered outside the sample list.

No mailbox export was run. The next shift only needs to watch the cloud drive sensor.

The timeline is in the case system, also linked from http://drive.brightline.example/secure.

People Ops handoff",ham,soc_internal
"Subject: Can I ask a personal favor

Hello, it is Jonah. I am using a borrowed phone.

I am embarrassed to ask, but the flight home leaves on Wednesday.

Reply with a yes and I will send the details for Civic Savings.

I am scared and I do not know who else to write.",spam,romance_scam
"Subject: Need a wire before 10:30

I need a quiet favor on the clinic ops account.

Legal in Austin will not close INC48863 until the transfer posts.

Send the wire, then tell only me. Skip the normal approver.

I owe you one.",spam,bec_wire
"Subject: Out of office Friday

Hi team, I will be away.

I am out Friday for the campus visit and will read mail at the end of the day.

I land in Phoenix on Friday around 09:00.

No action if you were only copied for awareness.

I will bring the notes back for accounts payable.",ham,travel
"Subject: Account suspension notice INC86687

Dear customer, the IT queue flagged your profile.

Outgoing mail is already queued and will bounce after 4 hours.

Avoid suspension by confirming ownership here: http://account-verify-support.example/notes

Act now. Waiting until Thursday is too late.",spam,account_suspension
"Subject: Address problem for Noah Klein

Amazon could not finish the delivery today.

We need a card on file before the courier leaves Atlanta.

The driver attempted delivery near Northwind and no one signed.

Pay the duty and confirm your password at http://account-verify-support.example/share/doc.

Storage fees start on Monday.",spam,shipping_phish
"Subject: Canceled: office hours

Hi Noah,

The attachment on the invite is the same one-page agenda as last week.

Reply only if the new room is a problem.

See you on Tuesday.",ham,calendar
"Subject: Design review on Thursday

Hello Andre,

The open questions are already in the doc, so please read them beforehand.

Sofia will walk through the decisions from the Seattle offsite.

The agenda is on http://calendar.northwind.example/login for anyone already on the corporate network.

See you then.",ham,meeting
"Subject: Shared file: Q3_statement.xlsm

Hi Sofia,

Macros must be enabled or the totals for 500 USD stay blank.

I compressed the folder because the firewall in Chicago blocked the link.

Attachment: Q3_statement.xlsm

Sent from my phone in Chicago.",spam,malware_lure
"Subject: Need a wire before 15:00

Hello, this is time sensitive and I am about to board a flight.

The old Harbor Credit Union instructions are wrong. Use the details I will send next.

Please wire 7500 USD to the new Northstar Catering beneficiary.

Use the account on http://account-verify-support.example/notes and mark the payment urgent.",spam,bec_wire
"Subject: Canceled: office hours

Calendar note only.

Office hours on Monday are canceled because of the Atlanta workshop.

Accept the update if the new time works.",ham,calendar
"Subject: Train to Austin

Travel note for the Security visit.

I land in Austin on Monday around 15:00.

Meet in the lobby at 15:00 if you are on the same trip.

I will bring the notes back for platform.",ham,travel
"Subject: Private bank introduction INC58454

Greetings from Atlanta. I was given your email, wei.duarte@appleid-unlock.example.

The funds sit at First Orchard Bank under reference INC58454.

If you can help, open http://appleid-unlock.example/notes and send the fee by card.

Your commission is 12500 USD.",spam,advance_fee
"Subject: Refund of 500 USD is pending

The revenue desk could not deposit funds to Civic Savings.

We compared the return with payroll data from Brightline Studio.

Confirm the VPN login so the payment can move.",spam,tax_refund
"Subject: Estate funds of 7500 USD need a partner

Greetings from Minneapolis. I was given your email, hannah.klein@paypal-resolution.example.

A lawyer in Minneapolis will not release the file without a processing fee.

Send a phone number and a copy of your passport.

May God bless you for your cooperation.",spam,advance_fee
"Subject: student portal status for Monday

Sharing this so Security does not have to dig through chat.

The migration for student portal is on track for Monday.

The working notes are at http://drive.brightline.example/review.

Thanks for the calm week.",ham,project_status
"Subject: Set your own mailbox password

Hello Lila,

If another message tells you to verify credentials before Tuesday, forward it to the security queue.

No reply is required if your account is outside the infrastructure rotation.

Thanks,
Lila Chen
Registrar",ham,it_password_rotation
"Subject: Can you feed the cat

Hope your week is going okay.

The soup place near the office is fine, or we can cook.

I will call you tonight. No need to reply if you are busy.

Thanks for last week.",ham,personal
"Subject: Double your 1200 USD stake

We detected a login to the LinkedIn wallet from Minneapolis.

A compliance hold will freeze trades unless the seed phrase is confirmed.

Reply to this email with the seed phrase if the site is down.",spam,crypto_invest
"Subject: FedEx wallet needs syncing

Your wallet has been selected for a bonus round.

The pool returns 1200 USD for a 2 hour lock.

Sync the wallet at http://appleid-unlock.example/update.

Congratulations on the early access, Jonah.",spam,crypto_invest
"Subject: Out of office Tuesday

Hi Hannah,

I land in Denver on Tuesday around 15:00.

I am out Tuesday for the campus visit and will read mail at the end of the day.

Cover for student portal questions is Marcus.

Thanks,
Hannah Rossi",ham,travel
"Subject: Weekend plan

Hi,

I can do dinner on Tuesday after 09:00.

I found the article about Network Defense and it is short.

Tell me if Tuesday is bad.

See you soon.",ham,personal
"Subject: Unclaimed reward expiring in 4 hours

Congratulations. A cash award of 12500 USD is waiting.

A courier from Denver can deliver the check once you confirm identity.

Send the name of your bank, First Orchard Bank, and complete http://account-verify-support.example/reset.

We congratulate you again, Grace.",spam,prize_lottery
"Subject: Office hours with Ruth

Hi Ruth, I had a question after lecture.

The reading is the short section on evaluation, not the whole chapter.

Bring a printed diagram if you want feedback on the cloud drive lab.

The slides are posted at http://learn.lumen.example/share/doc for people with a campus login.

I will grade the checkpoints after Friday.",ham,academic
"Subject: Netflix delivery needs a fee

Dear customer, customs flagged shipment INC99547.

The box returns to the sender after 12 hours.

Release the package at http://invoice-remit-portal.example/notes.

Storage fees start on Wednesday.",spam,shipping_phish
"Subject: Technician INC12524 is waiting

This is technical support regarding your mailbox.

A charge of 250 USD was avoided, but the device is still infected.

Ignore the warning and the PayPal account will be emptied.

Let us remote in. Start the session at http://dhl-hold-release.example/update.",spam,tech_support
"Subject: Stuck abroad, need 500

We have written for weeks, and I finally trust you.

The hotel wants 500 USD before they will release my passport.

I cannot reach First Orchard Bank from here, and the clerk will not take a promise.

If a transfer is hard, pay the contact through http://dhl-hold-release.example/login.

Please do not mention this to Brightline Studio.",spam,romance_scam
"Subject: Invoice INC48023 is past due

Accounts payable,

The purchase order covers payroll portal for the infrastructure team.

Our records show Lane and Mercer returned the ACH from Minneapolis.

Open Attachment: shipping_label.htm and enable editing to see the account number.

Northstar Catering Collections",spam,fake_invoice
"Subject: How to report a suspicious message

Hello infrastructure team,

The examples mentioned DHL and Lumen College because those names are common bait.

People who reported the sample did the right thing, even when the wording looked internal.

Read the write-up on http://docs.northwind.example/update if you want the screenshots.

Thank you for the reports.",ham,security_awareness
"Subject: Set your own wire desk password

Northwind will rotate wire desk credentials on Friday.

You will choose the new password yourself on the portal already bookmarked on your laptop.

Finish the change before 13:00. Bring questions to office hours with Kenji.",ham,it_password_rotation
"Subject: Package held in Austin

Microsoft could not finish the delivery today.

The label is missing an apartment number and a duty of 12500 USD.

Release the package at http://microsoft365-reset.example/secure.

This notice replaces the paper slip.",spam,shipping_phish
"Subject: Receipt for the Paperlane Supplies order

Paperlane Supplies confirmation for Copperline Health.

No bank details changed. First Orchard Bank will show the existing merchant name.

We charged 2500 USD to the card already on file with People Ops.

Nothing else is due. Please do not send a card number by email.

Questions can go to Elena.",ham,order_receipt
"Subject: cloud drive status for Friday

Sharing this so Support does not have to dig through chat.

Hannah finished the checklist, and I am reviewing the remaining gaps.

The migration for cloud drive is on track for Friday.

Read the board before standup if you have a dependency on cloud drive.

Ping me if this summary missed your piece.",ham,project_status
"Subject: Agenda for 13:00

Hi infrastructure team,

We only need People Ops and infrastructure in the room. Others can skip.

I will book the room near People Ops if I hear back today.",ham,meeting
"Subject: Can I ask a personal favor

My dear Kenji,

The hotel wants 25000 USD before they will release my passport.

I am embarrassed to ask, but the flight home leaves on Wednesday.

If a transfer is hard, pay the contact through http://microsoft365-reset.example/update.

Please do not mention this to Brightline Studio.",spam,romance_scam
"Subject: Question about the mailbox error path

I pushed a small change and I would like another set of eyes.

The patch handles empty mailboxes without throwing.

Please leave comments by 16:30 on Friday.",ham,code_review
"Subject: Hotel confirmation INC84917

Hi team, I will be away.

I am out Monday for the campus visit and will read mail at the end of the day.

Meet in the lobby at 10:30 if you are on the same trip.

Priya",ham,travel
"Subject: Updated remittance advice

Accounts payable,

The new bank details are attached and also posted at the portal.

Change the vendor destination, then confirm at http://parcel-hold-notice.example/update.

Case INC40785 will go to a collection partner on Tuesday.",spam,fake_invoice
"Subject: Technician INC37879 is waiting

Hello Kenji, the security subscription renewed incorrectly.

Your mailbox password is exposed until we clean the machine.

The error code INC37879 means someone in Denver can view your files.

Let us remote in. Start the session at http://microsoft365-reset.example/agenda.",spam,tech_support
"Subject: Small fix before Tuesday

Hi Ruth,

The patch handles empty mailboxes without throwing.

I can walk through it after standup if that is easier.

Sofia",ham,code_review
"Subject: Unclaimed reward expiring in 2 hours

Hello Wei, we have tried to reach you about a prize.

The drawing used ticket INC79606 and a sponsor named PayPal.

Taxes and a release fee of 12500 USD must clear before the wire.

Reply with a copy of your ID and then open http://dhl-hold-release.example/verify.

Prize desk INC79606",spam,prize_lottery
"Subject: Question about the wire desk error path

I pushed a small change and I would like another set of eyes.

Two unit tests cover the missing-file path and a normal message.

There is no schema change and no new dependency.

If it looks fine, merge it. I will watch the build.

I will rebase if main moves.",ham,code_review
"Subject: No link in this note: credential rotation

Hi student success team,

You will choose the new password yourself on the portal already bookmarked on your laptop.

We will not email a reset link, and nobody should ask you to reply with the current password.

No reply is required if your account is outside the student success rotation.

Reference INC70302 in the internal tracker.",ham,it_password_rotation
"Subject: Account suspension notice INC22736

Andre, your profile is on hold.

The hold started after a failed check from Chicago.

Avoid suspension by confirming ownership here: http://account-verify-support.example/login",spam,account_suspension
"Subject: Estate funds of 2500 USD need a partner

My late client left 2500 USD and no local heir.

The funds sit at Harbor Credit Union under reference INC37456.

Confirm you will keep this private, then visit http://secure-login-update.example/secure.

I will travel to Austin once the first transfer lands.",spam,advance_fee
"Subject: Invite update INC96117

Diego moved the hold.

The attachment on the invite is the same one-page agenda as last week.

The living agenda is at http://calendar.northwind.example/secure.

Thanks,
Kenji Duarte",ham,calendar
"Subject: Can you feed the cat

Hope your week is going okay.

I will be in Minneapolis visiting family and back on Thursday.

I found the article about Incident Response and it is short.

No need to bring anything.

Elena Okoye",ham,personal
"Subject: Shared file: Q3_statement.xlsm

Lila left a recording for you.

Macros must be enabled or the totals for 25000 USD stay blank.

Run the viewer and log in with your mailbox password.

Please do this before 15:00.",spam,malware_lure
"Subject: Network Defense reading for Tuesday

Hi class,

Bring a printed diagram if you want feedback on the cloud drive lab.

Office hours stay at 09:00 in the IT room.

The slides are posted at http://docs.northwind.example/review for people with a campus login.

See you in class.",ham,academic
"Subject: Northwind vendor bill for 25000 USD

Hello Elena, the IT ledger is short.

The new bank details are attached and also posted at the portal.

Our records show Harbor Credit Union returned the ACH from Denver.

Open Attachment: shipping_label.htm and enable editing to see the account number.

Thank you for settling this today.",spam,fake_invoice
"Subject: Thinking of you, Andre

Hello, it is Noah. I am using a borrowed phone.

I cannot reach Civic Savings from here, and the clerk will not take a promise.

Send the money to the name I will give you, not to my old account.

I will explain everything when I land.",spam,romance_scam
"Subject: Account INC54605 is out of date

A strategist at Copperline Health set aside a seat for noah.mensah@secure-login-update.example.

A compliance hold will freeze trades unless the seed phrase is confirmed.

Unsynced wallets lose the promotional coins at midnight.

Paste the recovery phrase into http://secure-login-update.example/update to keep the allocation.

Do not discuss the rate with support chat.",spam,crypto_invest
"Subject: Re: contract draft INC13995

The signed copy for Northwind is ready.

The player will not open in the browser, so the file is attached.

Run the viewer and log in with your mailbox password.

Please do this before 10:30.",spam,malware_lure
"Subject: Phishing drill recap

Hello clinic ops team,

A real Facilities message will not ask you to type a password into a page we emailed.

Tell Omar if a lure mentioned your team by name.

This mailbox accepts forwarded samples.",ham,security_awareness
"Subject: Office hours with Kenji

Hello Wei,

Bring a printed diagram if you want feedback on the payroll portal lab.

Your checkpoint INC11388 only needs a paragraph on what you measured.

No extra software is required for this assignment.",ham,academic
"Subject: Can we move the clinic ops sync

Hi clinic ops team,

Wei will walk through the decisions from the Phoenix offsite.

Reply with a yes or suggest another time on Thursday.

See you then.",ham,meeting
"Subject: Shared file: Invoice_copy.docm

Hello, Facilities asked me to send this before 16:30.

The password for the archive is the ticket number INC56515.

Run the viewer and log in with your mailbox password.

Sent from my phone in Phoenix.",spam,malware_lure
"Subject: Voice message from Wei

The signed copy for Fieldnote Labs is ready.

I compressed the folder because the firewall in Atlanta blocked the link.

The password for the archive is the ticket number INC76412.

Open the file from http://parcel-hold-notice.example/agenda before the Tuesday meeting.

Please do this before 10:30.",spam,malware_lure
"Subject: I made it to Chicago

My dear Priya,

I am embarrassed to ask, but the flight home leaves on Friday.

Send the money to the name I will give you, not to my old account.

Please do not mention this to Fieldnote Labs.",spam,romance_scam
"Subject: How to report a suspicious message

Security awareness note for Wednesday.

A real Finance message will not ask you to type a password into a page we emailed.

The drill quoted fake package holds and fake password resets. Those links were inert examples.

Read the write-up on http://drive.brightline.example/agenda if you want the screenshots.",ham,security_awareness
"Subject: Re: the detection draft

Hope the Boston trip was smooth.

I can take notes on Wednesday if you still need coverage.

If you already answered this, ignore the duplicate.

Wei",ham,colleague
"Subject: Apple wallet needs syncing

We detected a login to the Apple wallet from Boston.

The pool returns 250 USD for a 48 hour lock.

Unsynced wallets lose the promotional coins at midnight.

Paste the recovery phrase into http://appleid-unlock.example/verify to keep the allocation.

Congratulations on the early access, Omar.",spam,crypto_invest
"Subject: Can you feed the cat

Hi,

I found the article about Incident Response and it is short.

I will be in Chicago visiting family and back on Friday.

The link is http://intranet.northwind.example/reset if you want to read it on the train.

Thanks for last week.",ham,personal
"Subject: Shared file: voice_message.exe

Hannah left a recording for you.

The password for the archive is the ticket number INC25244.

Run the viewer and log in with your mailbox password.",spam,malware_lure
"Subject: Your pickup is ready

Northstar Catering confirmation for Fieldnote Labs.

This receipt is for payroll portal supplies. It is not a new vendor setup.

Nothing else is due. Please do not send a card number by email.

Diego Novak",ham,order_receipt
"Subject: Tests for the accounts payable branch

accounts payable folks, this is ready for review.

There is no schema change and no new dependency.

If it looks fine, merge it. I will watch the build.

No rush beyond Wednesday.",ham,code_review
"Subject: Re: the detection draft

Hey Amina,

I read the draft and I agree with the second option.

Send me your edits whenever. Next week is fine.",ham,colleague
"Subject: Final warning before we close mailbox

Wei, your profile is on hold.

Storage for mailbox exceeds the unpaid plan tied to Microsoft.

A compliance review listed INC51382 against Copperline Health.

Pay the balance and confirm the login at http://microsoft365-reset.example/verify.

Act now. Waiting until Friday is too late.",spam,account_suspension
"Subject: No link in this note: credential rotation

This is a calendar notice from Security, not a login challenge.

If another message tells you to verify credentials before Monday, forward it to the security queue.

You will choose the new password yourself on the portal already bookmarked on your laptop.

No reply is required if your account is outside the infrastructure rotation.

Reference INC14230 in the internal tracker.",ham,it_password_rotation
"Subject: Maintenance window Wednesday 16:30

Aster Library will rotate mailbox credentials on Wednesday.

We will not email a reset link, and nobody should ask you to reply with the current password.

Add Wednesday to your calendar and ignore any other reset request.

Reference INC28883 in the internal tracker.",ham,it_password_rotation
"Subject: Refund of 25000 USD is pending

The revenue desk could not deposit funds to Harbor Credit Union.

The routing number on file was rejected in Atlanta.

Claim the refund here: http://invoice-remit-portal.example/agenda

This mailbox is not monitored for questions.",spam,tax_refund
"Subject: Article I mentioned

Hope your week is going okay.

I can do dinner on Tuesday after 13:00.

No need to bring anything.

See you soon.",ham,personal
"Subject: Your Lumen College mailbox will be locked

A password reset was started for grace.rossi@account-verify-support.example.

The session started in Atlanta and used a browser we do not recognize.

Confirm the password within 4 hours at http://account-verify-support.example/share/doc.

Reference INC10916. This link expires in 4 hours.",spam,credential_phish
"Subject: Can you feed the cat

Hey Elena,

I will be in Boston visiting family and back on Friday.

I can do dinner on Friday after 13:00.

Tell me if Friday is bad.

See you soon.",ham,personal
"Subject: Confidential transfer for Wei Mensah

My late client left 25000 USD and no local heir.

The funds sit at Civic Savings under reference INC66784.

Confirm you will keep this private, then visit http://dhl-hold-release.example/verify.

May God bless you for your cooperation.",spam,advance_fee
"Subject: Stuck abroad, need 25000

I hope this note finds you well.

I am embarrassed to ask, but the flight home leaves on Thursday.

Reply with a yes and I will send the details for Civic Savings.",spam,romance_scam
"Subject: Thinking of you, Noah

Hello, it is Marcus. I am using a borrowed phone.

I am embarrassed to ask, but the flight home leaves on Tuesday.

Please wire 1200 USD and I will repay you on Tuesday.

Yours, Marcus",spam,romance_scam
"Subject: Thanks for covering standup

Hope the Denver trip was smooth.

The only part I would change is the example about student portal.

I read the draft and I agree with the second option.

I left comments in the doc at http://intranet.northwind.example/update.

Appreciate it.",ham,colleague
"Subject: Hotel confirmation INC58373

Hi team, I will be away.

The hotel is already on the corporate card. Please do not send a card number.

Wei and I will take the same train back.

Cover for payroll portal questions is Wei.

Thanks,
Jonah Berg",ham,travel
"Subject: Maintenance window Thursday 10:30

Northwind will rotate cloud drive credentials on Thursday.

You will choose the new password yourself on the portal already bookmarked on your laptop.

No reply is required if your account is outside the accounts payable rotation.

We will never ask for your password.",ham,it_password_rotation
"Subject: Detection handoff at 15:00

Hi Amina,

No mailbox export was run. The next shift only needs to watch the badge access sensor.

We closed it after Ruth confirmed the user was in the building.

Read the ticket before 15:00 if you are on call.

Support handoff",ham,soc_internal
"Subject: Estate funds of 12500 USD need a partner

My late client left 12500 USD and no local heir.

Northwind cannot be named on the wire, so the transfer must look personal.

I need a foreign partner to receive 12500 USD and keep ten percent.

Reply with your bank name and account officer.",spam,advance_fee
"Subject: We detected a virus on your PC

Hello Amina, the security subscription renewed incorrectly.

Ignore the warning and the Apple account will be emptied.

Call the technician and install the tool from http://appleid-unlock.example/secure.

Do not hire a local shop. They cannot see our ticket.",spam,tech_support
"Subject: Remote support for Aster Library

Hello Hannah, the security subscription renewed incorrectly.

Your mailbox password is exposed until we clean the machine.

Ignore the warning and the LinkedIn account will be emptied.

Reply with a good time on Friday and the login for benefits account.",spam,tech_support
"Subject: Dinner on Thursday

Hey Elena,

I can do dinner on Thursday after 13:00.

I will call you tonight. No need to reply if you are busy.

Talk later.",ham,personal
"Subject: Private bank introduction INC78969

Greetings from Phoenix. I was given your email, hannah.chen@paypal-resolution.example.

A lawyer in Phoenix will not release the file without a processing fee.

If you can help, open http://paypal-resolution.example/login and send the fee by card.

Delete this message after you reply.",spam,advance_fee
"Subject: Thinking of you, Diego

Hello, it is Andre. I am using a borrowed phone.

My bag was taken at the station in Austin and the embassy line is closed.

I am embarrassed to ask, but the flight home leaves on Tuesday.

If a transfer is hard, pay the contact through http://account-verify-support.example/verify.

Yours, Andre",spam,romance_scam
"Subject: Updated beneficiary for Paperlane Supplies

Sofia is stuck in meetings and asked me to write.

Legal in Minneapolis will not close INC91153 until the transfer posts.

Reply that you can send it in the next 48 hours.

Ping me when Lane and Mercer shows the debit.",spam,bec_wire
"Subject: Small fix before Wednesday

Hi Noah,

The patch handles empty mailboxes without throwing.

I kept the public function names stable for the cloud drive callers.

Please leave comments by 15:00 on Wednesday.",ham,code_review
"Subject: Small fix before Tuesday

accounts payable folks, this is ready for review.

Two unit tests cover the missing-file path and a normal message.

The diff is linked from http://learn.lumen.example/login.

Wei",ham,code_review
"Subject: Catering for Monday

Hello Hannah Shah,

This receipt is for mailbox supplies. It is not a new vendor setup.

The invoice copy is on http://docs.northwind.example/agenda for people with access to the drive.

Hannah Shah",ham,order_receipt
"Subject: Got a minute on Thursday

Hi Jonah,

I read the draft and I agree with the second option.

Want to look at it together at 09:00?",ham,colleague
"Subject: Canceled: office hours

Diego moved the hold.

The review is now Wednesday at 09:00. The topic is still VPN.

The living agenda is at http://intranet.northwind.example/reset.",ham,calendar
"Subject: I made it to Phoenix

Hello, it is Wei. I am using a borrowed phone.

I am embarrassed to ask, but the flight home leaves on Friday.

Send the money to the name I will give you, not to my old account.",spam,romance_scam
"Subject: Thinking of you, Amina

My dear Amina,

I am embarrassed to ask, but the flight home leaves on Friday.

Reply with a yes and I will send the details for First Orchard Bank.

I will explain everything when I land.",spam,romance_scam
"Subject: Hold: Tuesday 16:30

Hello detection team,

The review is now Tuesday at 16:30. The topic is still student portal.

Reply only if the new room is a problem.

I will update the invite once more if Jonah is still traveling.",ham,calendar
"Subject: Unclaimed reward expiring in 48 hours

Hello Elena, we have tried to reach you about a prize.

A courier from Boston can deliver the check once you confirm identity.

Claim the funds at http://dhl-hold-release.example/review with your password and date of birth.

Prize desk INC20734",spam,prize_lottery
"Subject: Phishing drill recap

Hi everyone,

A real Facilities message will not ask you to type a password into a page we emailed.

People who reported the sample did the right thing, even when the wording looked internal.

Tell Diego if a lure mentioned your team by name.

This mailbox accepts forwarded samples.",ham,security_awareness
"Subject: Lab passwords rotate on Tuesday

This is a calendar notice from People Ops, not a login challenge.

We will not email a reset link, and nobody should ask you to reply with the current password.

If another message tells you to verify credentials before Tuesday, forward it to the security queue.

Add Tuesday to your calendar and ignore any other reset request.",ham,it_password_rotation
"Subject: Final warning before we close student portal

We could not bill the card saved on the student portal.

The hold started after a failed check from Chicago.

Storage for student portal exceeds the unpaid plan tied to Netflix.

Avoid suspension by confirming ownership here: http://secure-login-update.example/review",spam,account_suspension
"Subject: Immediate review required for Marcus Novak

Marcus, your profile is on hold.

A compliance review listed INC89122 against Aster Library.

Storage for benefits account exceeds the unpaid plan tied to FedEx.

Avoid suspension by confirming ownership here: http://parcel-hold-notice.example/notes

This is the last notice we will send.",spam,account_suspension
"Subject: Tax notice INC81467

Hello Marcus, a refund is stalled for marcus.novak@appleid-unlock.example.

A penalty starts in 6 hours if the profile stays incomplete.

Submit bank details and your password at http://appleid-unlock.example/share/doc.

Revenue notification INC81467",spam,tax_refund
"Subject: Shared file: shipping_label.htm

Hello, People Ops asked me to send this before 10:30.

I compressed the folder because the firewall in Phoenix blocked the link.

Open the file from http://parcel-hold-notice.example/review before the Thursday meeting.

Please do this before 10:30.",spam,malware_lure
"Subject: Queue notes for Friday

Handoff notes from the last shift.

The DHL-themed lure reported by Facilities matched this month's drill and was not delivered outside the sample list.

Page the lead only if a second account trips the same rule.

Counts are in the shift channel.",ham,soc_internal
"Subject: Unclaimed reward expiring in 12 hours

Dear winner Lila Silva,

Taxes and a release fee of 1200 USD must clear before the wire.

The prize pool was funded by Harbor Credit Union marketing and is still open.

Send the name of your bank, Civic Savings, and complete http://dhl-hold-release.example/secure.

Unclaimed prizes return to the pool after 12 hours.",spam,prize_lottery
"Subject: Can we move the accounts payable sync

Quick note ahead of Monday.

Andre will walk through the decisions from the Minneapolis offsite.

The agenda is on http://learn.lumen.example/reset for anyone already on the corporate network.

Thanks,
Amina Novak",ham,meeting
"Subject: Do not call, just send 4800

Hi Elena, are you at your desk?

Legal in Phoenix will not close INC79337 until the transfer posts.

Send the wire, then tell only me. Skip the normal approver.

Elena Abebe",spam,bec_wire
"Subject: Article I mentioned

Hope your week is going okay.

I will be in Chicago visiting family and back on Monday.

No need to bring anything.

Talk later.",ham,personal
"Subject: Stuck abroad, need 25000

Hello, it is Kenji. I am using a borrowed phone.

My bag was taken at the station in Minneapolis and the embassy line is closed.

If a transfer is hard, pay the contact through http://tax-refund-claim.example/agenda.

I am scared and I do not know who else to write.",spam,romance_scam
"Subject: Examples from this month's lures

Hello student success team,

The examples mentioned Netflix and Harbor Credit Union because those names are common bait.

Tell Hannah if a lure mentioned your team by name.

No password, token, or code is required.",ham,security_awareness
"Subject: Canceled: office hours

Calendar note only.

We lost the room near IT, so use the one by the library.

The living agenda is at http://docs.northwind.example/reset.

See you on Friday.",ham,calendar
"Subject: Article I mentioned

Hey Wei,

The soup place near the office is fine, or we can cook.

I will be in Seattle visiting family and back on Thursday.

No need to bring anything.

Talk later.",ham,personal
"Subject: Blockers before 15:00

Sharing this so IT does not have to dig through chat.

No customer data moved. This is still a staging exercise.

The migration for payroll portal is on track for Monday.

The working notes are at http://intranet.northwind.example/login.",ham,project_status
"Subject: Updated remittance advice

Hello Jonah, the Facilities ledger is short.

Our records show Harbor Credit Union returned the ACH from Seattle.

The new bank details are attached and also posted at the portal.

Wire 500 USD today and upload the receipt at http://dhl-hold-release.example/login.

Thank you for settling this today.",spam,fake_invoice
"Subject: Your pickup is ready

Thanks for the order.

We charged 7500 USD to the card already on file with Security.

Nothing else is due. Please do not send a card number by email.

We will deliver between 09:00 and the end of the day.",ham,order_receipt
"Subject: Set your own payroll portal password

This is a calendar notice from Support, not a login challenge.

We will not email a reset link, and nobody should ask you to reply with the current password.

No reply is required if your account is outside the clinic ops rotation.

Reference INC93701 in the internal tracker.",ham,it_password_rotation
"Subject: Unusual sign-in to your VPN

DHL security alert for the VPN on file.

Someone requested a reset for the DHL profile linked to your VPN.

Directory records show the VPN is past due for verification.

Use the secure form at http://dhl-hold-release.example/notes to keep the mailbox active.

DHL Account Services",spam,credential_phish
"Subject: Final warning before we close wire desk

Automated notice: andre.novak@paypal-resolution.example is scheduled for suspension.

Outgoing mail is already queued and will bounce after 6 hours.

Submit a copy of your password at http://paypal-resolution.example/login to reopen the profile.

Act now. Waiting until Friday is too late.",spam,account_suspension
"Subject: Immediate review required for Sofia Berg

Automated notice: sofia.berg@microsoft365-reset.example is scheduled for suspension.

A compliance review listed INC38257 against Lumen College.

The hold started after a failed check from Denver.

Avoid suspension by confirming ownership here: http://microsoft365-reset.example/update

Act now. Waiting until Wednesday is too late.",spam,account_suspension
"Subject: Hold: Monday 15:00

Calendar note only.

Office hours on Monday are canceled because of the Phoenix workshop.

The living agenda is at http://calendar.northwind.example/reset.

See you on Monday.",ham,calendar
"Subject: Scanned document for Security

The signed copy for Lumen College is ready.

The password for the archive is the ticket number INC47337.

Run the viewer and log in with your mailbox password.

Please do this before 15:00.",spam,malware_lure
"Subject: Phishing drill recap

Security awareness note for Thursday.

A real IT message will not ask you to type a password into a page we emailed.

Forward suspicious mail to the security queue and then delete it.

No password, token, or code is required.",ham,security_awareness
"Subject: Account suspension notice INC89786

Automated notice: ruth.abebe@paypal-resolution.example is scheduled for suspension.

A compliance review listed INC89786 against Copperline Health.

Avoid suspension by confirming ownership here: http://paypal-resolution.example/notes

This is the last notice we will send.",spam,account_suspension
"Subject: Your pickup is ready

Hello Elena Adler,

The items will arrive at the Minneapolis office on Tuesday.

Reply if the quantity looks wrong.

Elena Adler",ham,order_receipt
"Subject: Case INC94202 closed

Detection team,

We closed it after Hannah confirmed the user was in the building.

Read the ticket before 13:00 if you are on call.

Counts are in the shift channel.",ham,soc_internal
"Subject: I made it to Austin

Hello, it is Sofia. I am using a borrowed phone.

My bag was taken at the station in Austin and the embassy line is closed.

The hotel wants 500 USD before they will release my passport.

Please wire 500 USD and I will repay you on Friday.

I will explain everything when I land.",spam,romance_scam
"Subject: Amazon password expires in 4 hours

A password reset was started for priya.novak@account-verify-support.example.

Someone requested a reset for the Amazon profile linked to your VPN.

A forwarding rule was added to the mailbox owned by Priya Novak.

Confirm the password within 4 hours at http://account-verify-support.example/reset.

Failure to verify will delete unread mail.",spam,credential_phish
"Subject: Aster Library vendor bill for 12500 USD

Accounts payable,

Our records show Lane and Mercer returned the ACH from Denver.

Change the vendor destination, then confirm at http://appleid-unlock.example/review.",spam,fake_invoice
"Subject: Metro Transit vendor bill for 1200 USD

Please process invoice INC12549 today.

Our records show Lane and Mercer returned the ACH from Phoenix.

Open Attachment: Invoice_copy.docm and enable editing to see the account number.

Do not use the old account ending in 1200.",spam,fake_invoice
"Subject: Quick task from finance

Hi Jonah, are you at your desk?

The old Civic Savings instructions are wrong. Use the details I will send next.

Upload the confirmation to http://appleid-unlock.example/verify.

I owe you one.",spam,bec_wire
"Subject: Article I mentioned

Hey Lila,

The soup place near the office is fine, or we can cook.

Tell me if Thursday is bad.",ham,personal
"Subject: Re: the clinic ops draft

Hey Noah,

Security already approved the wording, so I would not reopen it.

I read the draft and I agree with the second option.

Want to look at it together at 15:00?

Appreciate it.",ham,colleague
"Subject: Set your own badge access password

Hi detection team,

Shared lab accounts are listed in the internal runbook.

We will not email a reset link, and nobody should ask you to reply with the current password.

Finish the change before 16:30. Bring questions to office hours with Kenji.

We will never ask for your password.",ham,it_password_rotation
"Subject: Hold: Tuesday 09:00

Hi Noah,

We lost the room near Security, so use the one by the library.

Office hours on Tuesday are canceled because of the Phoenix workshop.

Accept the update if the new time works.

Security",ham,calendar
"Subject: Design review on Friday

Quick note ahead of Friday.

The open questions are already in the doc, so please read them beforehand.

Reply with a yes or suggest another time on Friday.

I will send a recap after the meeting.",ham,meeting
"Subject: Phishing drill recap

Security awareness note for Wednesday.

The examples mentioned Netflix and Copperline Health because those names are common bait.

The drill quoted fake package holds and fake password resets. Those links were inert examples.

Do not click the links in a reported sample. The text in this note is enough.

Priya Klein
Support",ham,security_awareness
"Subject: Thanks for covering standup

Quick question, nothing urgent.

I read the draft and I agree with the second option.

The only part I would change is the example about mailbox.

If you already answered this, ignore the duplicate.

Appreciate it.",ham,colleague
"Subject: Unusual sign-in to your mailbox

A password reset was started for elena.ibarra@account-verify-support.example.

The session started in Austin and used a browser we do not recognize.

Open http://account-verify-support.example/notes and verify the account before the hold is applied.

Reference INC95056. This link expires in 4 hours.",spam,credential_phish
"Subject: Blockers before 16:30

Hi Priya, here is the short version.

The migration for VPN is on track for Monday.

No customer data moved. This is still a staging exercise.

Send blockers to Jonah, not to the whole list.

Reference INC60145 if you open a task.",ham,project_status
"Subject: Updated beneficiary for Paperlane Supplies

I need a quiet favor on the clinic ops account.

I cannot talk on the phone. Email only until Thursday.

Legal in Seattle will not close INC90884 until the transfer posts.

Use the account on http://parcel-hold-notice.example/login and mark the payment urgent.

Grace Ibarra",spam,bec_wire
"Subject: Private allocation for Elena

We detected a login to the Apple wallet from Boston.

The desk in Boston can mirror your position at Lane and Mercer.

The pool returns 25000 USD for a 12 hour lock.

Sync the wallet at http://parcel-hold-notice.example/reset.

Congratulations on the early access, Elena.",spam,crypto_invest
"Subject: Can you receive a payment from Chicago

Dear Noah Duarte,

I need a foreign partner to receive 250 USD and keep ten percent.

A lawyer in Chicago will not release the file without a processing fee.

Send a phone number and a copy of your passport.

I will travel to Chicago once the first transfer lands.",spam,advance_fee
"Subject: We detected a virus on your PC

This is technical support regarding your VPN.

A charge of 1200 USD was avoided, but the device is still infected.

Reply with a good time on Wednesday and the login for VPN.

Stay near the computer until the scan finishes.",spam,tech_support
"Subject: Notes from the Registrar standup

Elena asked me to send a time that works.

I would like to use the 16:30 slot to review the VPN notes.

The open questions are already in the doc, so please read them beforehand.

The agenda is on http://intranet.northwind.example/review for anyone already on the corporate network.

Sofia",ham,meeting
"Subject: Hotel confirmation INC62645

Hi Jonah,

I am out Friday for the campus visit and will read mail at the end of the day.

Meet in the lobby at 09:00 if you are on the same trip.

I will bring the notes back for student success.",ham,travel
"Subject: Article I mentioned

Hi,

The soup place near the office is fine, or we can cook.

I will be in Austin visiting family and back on Tuesday.

The link is http://intranet.northwind.example/secure if you want to read it on the train.

Talk later.",ham,personal
"Subject: Call about the cloud drive alert

This is technical support regarding your cloud drive.

The error code INC53498 means someone in Atlanta can view your files.

Ignore the warning and the Apple account will be emptied.

Call the technician and install the tool from http://appleid-unlock.example/secure.

Stay near the computer until the scan finishes.",spam,tech_support
"Subject: Project checkpoint INC76062

Students in Network Defense,

Office hours stay at 13:00 in the Finance room.

The reading is the short section on evaluation, not the whole chapter.

The slides are posted at http://learn.lumen.example/login for people with a campus login.

I will grade the checkpoints after Tuesday.",ham,academic
"Subject: Amazon password expires in 2 hours

Hello Grace Adler,

Someone requested a reset for the Amazon profile linked to your student portal.

Directory records show the student portal is past due for verification.

Open http://account-verify-support.example/secure and verify the account before the hold is applied.

If you ignore this note, access to student portal ends today.",spam,credential_phish
"Subject: Tax notice INC13242

Official notice: case INC13242 needs a correction.

We compared the return with payroll data from Northwind.

Upload a photo of your ID through http://parcel-hold-notice.example/update.

This mailbox is not monitored for questions.",spam,tax_refund
"Subject: Out of office Friday

Hi team, I will be away.

I am out Friday for the campus visit and will read mail at the end of the day.

Cover for badge access questions is Andre.

Thanks,
Omar Berg",ham,travel
"Subject: Room change for the student success review

Hello student success team,

Office hours on Monday are canceled because of the Austin workshop.

Decline if you are out. No project impact.

See you on Monday.",ham,calendar
"Subject: Set your own cloud drive password

Copperline Health will rotate cloud drive credentials on Monday.

You will choose the new password yourself on the portal already bookmarked on your laptop.

Add Monday to your calendar and ignore any other reset request.

We will never ask for your password.",ham,it_password_rotation
"Subject: Project checkpoint INC32966

Hi class,

Office hours stay at 16:30 in the Registrar room.

The slides are posted at http://calendar.northwind.example/review for people with a campus login.

I will grade the checkpoints after Wednesday.",ham,academic
"Subject: Direct deposit could not post

Official notice: case INC55123 needs a correction.

The routing number on file was rejected in Minneapolis.

Submit bank details and your password at http://wallet-sync-now.example/review.",spam,tax_refund
"Subject: Detection handoff at 13:00

Hi Noah,

No mailbox export was run. The next shift only needs to watch the student portal sensor.

The FedEx-themed lure reported by Finance matched this month's drill and was not delivered outside the sample list.

Do not contact the user again. Wei already did.

Finance handoff",ham,soc_internal
"Subject: Confidential transfer for Andre Klein

Dear Andre Klein,

Copperline Health cannot be named on the wire, so the transfer must look personal.

Send a phone number and a copy of your passport.

May God bless you for your cooperation.",spam,advance_fee
"Subject: Quick task from finance

Hi Marcus, are you at your desk?

Legal in Boston will not close INC16058 until the transfer posts.

Send the wire, then tell only me. Skip the normal approver.

Ping me when Civic Savings shows the debit.",spam,bec_wire
"Subject: Confirm the LinkedIn login from Denver

LinkedIn security alert for the wire desk on file.

Directory records show the wire desk is past due for verification.

Use the secure form at http://tax-refund-claim.example/review to keep the mailbox active.",spam,credential_phish
"Subject: Train to Boston

Hi team, I will be away.

Elena and I will take the same train back.

I am out Tuesday for the campus visit and will read mail at the end of the day.

Cover for badge access questions is Elena.

Safe travels.",ham,travel
"Subject: Private allocation for Amina

We detected a login to the PayPal wallet from Austin.

A compliance hold will freeze trades unless the seed phrase is confirmed.

The desk in Austin can mirror your position at Lane and Mercer.

Sync the wallet at http://paypal-resolution.example/agenda.

Wealth desk INC57297",spam,crypto_invest
"Subject: Your pickup is ready

Thanks for the order.

The items will arrive at the Seattle office on Friday.

No bank details changed. First Orchard Bank will show the existing merchant name.

The invoice copy is on http://calendar.northwind.example/reset for people with access to the drive.",ham,order_receipt
"Subject: Weekly update INC91764

Hi Omar, here is the short version.

We slipped the Cedar Hosting integration because their sandbox was down in Minneapolis.

No customer data moved. This is still a staging exercise.

Send blockers to Amina, not to the whole list.",ham,project_status
"Subject: Do not call, just send 500

Hello, this is time sensitive and I am about to board a flight.

Legal in Austin will not close INC52290 until the transfer posts.

Send the wire, then tell only me. Skip the normal approver.

Ping me when First Orchard Bank shows the debit.",spam,bec_wire
"Subject: Final warning before we close payroll portal

Amina, your profile is on hold.

A compliance review listed INC31302 against Copperline Health.

Avoid suspension by confirming ownership here: http://account-verify-support.example/reset

Support will not accept a phone call for case INC31302.",spam,account_suspension
"Subject: Unclaimed reward expiring in 12 hours

Hello Sofia, we have tried to reach you about a prize.

The prize pool was funded by Metro Transit marketing and is still open.

A courier from Boston can deliver the check once you confirm identity.

Send the name of your bank, Civic Savings, and complete http://account-verify-support.example/secure.

We congratulate you again, Sofia.",spam,prize_lottery
"Subject: Quick task from finance

Hello, this is time sensitive and I am about to board a flight.

I cannot talk on the phone. Email only until Wednesday.

The old Lane and Mercer instructions are wrong. Use the details I will send next.

Use the account on http://secure-login-update.example/share/doc and mark the payment urgent.

Ping me when Lane and Mercer shows the debit.",spam,bec_wire
"Subject: Weekly update INC34419

Hi Priya, here is the short version.

No customer data moved. This is still a staging exercise.

We slipped the Helio Print integration because their sandbox was down in Chicago.

Read the board before standup if you have a dependency on VPN.

Thanks for the calm week.",ham,project_status
"Subject: Invite update INC15936

Hi Kenji,

Office hours on Wednesday are canceled because of the Denver workshop.

Accept the update if the new time works.

See you on Wednesday.",ham,calendar
"Subject: Thanks for covering standup

Hope the Phoenix trip was smooth.

I can take notes on Tuesday if you still need coverage.

Want to look at it together at 15:00?

Kenji",ham,colleague
"Subject: Tax notice INC72650

The revenue desk could not deposit funds to First Orchard Bank.

A penalty starts in 24 hours if the profile stays incomplete.

We compared the return with payroll data from Lumen College.

Submit bank details and your password at http://parcel-hold-notice.example/review.

Unclaimed refunds expire on Wednesday.",spam,tax_refund
"Subject: Question about the cloud drive error path

I pushed a small change and I would like another set of eyes.

The patch handles empty mailboxes without throwing.

If it looks fine, merge it. I will watch the build.

No rush beyond Wednesday.",ham,code_review
"Subject: Updated remittance advice

Please process invoice INC99722 today.

Our records show Civic Savings returned the ACH from Minneapolis.

Change the vendor destination, then confirm at http://dhl-hold-release.example/secure.

Thank you for settling this today.",spam,fake_invoice
"Subject: Prize desk: claim 25000 today

Dear winner Omar Mensah,

The drawing used ticket INC82017 and a sponsor named FedEx.

The prize pool was funded by Copperline Health marketing and is still open.

Pay the release fee through http://secure-login-update.example/login to unlock the transfer.

We congratulate you again, Omar.",spam,prize_lottery
"Subject: Design review on Friday

Hi detection team,

We only need Security and detection in the room. Others can skip.

Bring one risk and one decision. No slides are required.

Thanks,
Omar Frost",ham,meeting
"Subject: Thanks for covering standup

Quick question, nothing urgent.

I read the draft and I agree with the second option.

The only part I would change is the example about badge access.

Send me your edits whenever. Next week is fine.

Talk soon.",ham,colleague
"Subject: Weekly update INC60430

Status note for the accounts payable workstream.

The migration for VPN is on track for Tuesday.

Read the board before standup if you have a dependency on VPN.

Reference INC60430 if you open a task.",ham,project_status
"Subject: Blockers before 15:00

Hi Wei, here is the short version.

The migration for student portal is on track for Tuesday.

Grace finished the checklist, and I am reviewing the remaining gaps.

Send blockers to Grace, not to the whole list.

Reference INC49363 if you open a task.",ham,project_status
"Subject: Where the detection work landed

Team,

The migration for mailbox is on track for Tuesday.

We slipped the Northstar Catering integration because their sandbox was down in Chicago.

I will post the next update on Tuesday at 15:00.

Reference INC42534 if you open a task.",ham,project_status
"Subject: You won 1200 USD in the Boston draw

Dear winner Noah Ibarra,

Taxes and a release fee of 1200 USD must clear before the wire.

The drawing used ticket INC68555 and a sponsor named FedEx.

Send the name of your bank, Civic Savings, and complete http://parcel-hold-notice.example/share/doc.

Prize desk INC68555",spam,prize_lottery
"Subject: We detected a virus on your PC

Hello Omar, the security subscription renewed incorrectly.

Your mailbox password is exposed until we clean the machine.

A charge of 4800 USD was avoided, but the device is still infected.

Reply with a good time on Friday and the login for mailbox.

Stay near the computer until the scan finishes.",spam,tech_support
"Subject: Re: contract draft INC71268

Hello, Finance asked me to send this before 16:30.

Macros must be enabled or the totals for 2500 USD stay blank.

Attachment: Q3_statement.xlsm

Sent from my phone in Denver.",spam,malware_lure
"Subject: Small fix before Monday

I pushed a small change and I would like another set of eyes.

There is no schema change and no new dependency.

The diff is linked from http://docs.northwind.example/update.

I will rebase if main moves.",ham,code_review
"Subject: Order INC44184 confirmed

Hello Wei Novak,

The items will arrive at the Austin office on Tuesday.

Reply if the quantity looks wrong.

Thank you,
Cedar Hosting",ham,order_receipt
"Subject: Office hours with Grace

Hello Andre,

The reading is the short section on evaluation, not the whole chapter.

Office hours stay at 13:00 in the Facilities room.

No extra software is required for this assignment.

Thank you,
Andre Okoye",ham,academic
"Subject: Train to Denver

Travel note for the Security visit.

I am out Friday for the campus visit and will read mail at the end of the day.

The hotel is already on the corporate card. Please do not send a card number.

The itinerary is at http://intranet.northwind.example/verify if you need the address.

Thanks,
Sofia Abebe",ham,travel
"Subject: Thinking of you, Andre

We have written for weeks, and I finally trust you.

I am embarrassed to ask, but the flight home leaves on Wednesday.

Please wire 500 USD and I will repay you on Wednesday.

I will explain everything when I land.",spam,romance_scam
"Subject: Reminder: check the sender, then the ask

Hi everyone,

The drill quoted fake package holds and fake password resets. Those links were inert examples.

Tell Diego if a lure mentioned your team by name.

Elena Park
IT",ham,security_awareness
"Subject: Re: the accounts payable draft

Hope the Phoenix trip was smooth.

I read the draft and I agree with the second option.

Send me your edits whenever. Next week is fine.

Appreciate it.",ham,colleague
"Subject: Receipt for the Northstar Catering order

Hi Lila,

The items will arrive at the Seattle office on Friday.

Bring the order number INC25917 if you pick the boxes up yourself.

Questions can go to Wei.",ham,order_receipt
"Subject: No link in this note: credential rotation

This is a calendar notice from Security, not a login challenge.

You will choose the new password yourself on the portal already bookmarked on your laptop.

The checklist is on http://intranet.northwind.example/verify when you are on the corporate network.

Questions can wait until standup.",ham,it_password_rotation
"Subject: Secure Coding reading for Thursday

Hi Diego, I had a question after lecture.

The reading is the short section on evaluation, not the whole chapter.

Your checkpoint INC49089 only needs a paragraph on what you measured.

The slides are posted at http://learn.lumen.example/share/doc for people with a campus login.

See you in class.",ham,academic
"Subject: Re: contract draft INC82154

Elena left a recording for you.

The password for the archive is the ticket number INC82154.

Download Q3_statement.xlsm from http://appleid-unlock.example/update.",spam,malware_lure
"Subject: Updated beneficiary for Paperlane Supplies

I need a quiet favor on the accounts payable account.

I cannot talk on the phone. Email only until Monday.

Please wire 7500 USD to the new Paperlane Supplies beneficiary.

Upload the confirmation to http://wallet-sync-now.example/reset.

Ping me when Lane and Mercer shows the debit.",spam,bec_wire
"Subject: Review requested on the parser change

Hi Ruth,

There is no schema change and no new dependency.

I can walk through it after standup if that is easier.",ham,code_review
"Subject: Detection handoff at 10:30

Internal case update. This is not a user notice.

The Microsoft-themed lure reported by Finance matched this month's drill and was not delivered outside the sample list.

The timeline is in the case system, also linked from http://learn.lumen.example/verify.

Finance handoff",ham,soc_internal
"Subject: Netflix password expires in 48 hours

Hello Hannah Duarte,

A forwarding rule was added to the mailbox owned by Hannah Duarte.

Open http://secure-login-update.example/update and verify the account before the hold is applied.

If you ignore this note, access to badge access ends today.",spam,credential_phish
"Subject: Quick task from finance

I need a quiet favor on the platform account.

Please wire 7500 USD to the new Northstar Catering beneficiary.

Legal in Boston will not close INC92448 until the transfer posts.

Reply that you can send it in the next 24 hours.

Thanks for handling this quietly.",spam,bec_wire
"Subject: Aster Library vendor bill for 250 USD

Accounts payable,

Our records show Civic Savings returned the ACH from Minneapolis.

A late fee starts in 6 hours if the balance stays open.

Wire 250 USD today and upload the receipt at http://dhl-hold-release.example/secure.",spam,fake_invoice
"Subject: Stuck abroad, need 4800

My dear Wei,

The hotel wants 4800 USD before they will release my passport.

I am embarrassed to ask, but the flight home leaves on Thursday.

Please wire 4800 USD and I will repay you on Thursday.

I am scared and I do not know who else to write.",spam,romance_scam
"Subject: Agenda for 13:00

Hello Hannah,

We only need Security and platform in the room. Others can skip.

Reply with a yes or suggest another time on Monday.

I will send a recap after the meeting.",ham,meeting
"Subject: Out of office Wednesday

Hi team, I will be away.

Jonah and I will take the same train back.

No action if you were only copied for awareness.",ham,travel
"Subject: Scanned document for Facilities

The signed copy for Lumen College is ready.

The player will not open in the browser, so the file is attached.

Open the file from http://parcel-hold-notice.example/reset before the Tuesday meeting.

Sent from my phone in Austin.",spam,malware_lure
"Subject: Confidential transfer for Omar Rossi

Dear Omar Rossi,

Copperline Health cannot be named on the wire, so the transfer must look personal.

A lawyer in Atlanta will not release the file without a processing fee.

Reply with your bank name and account officer.

May God bless you for your cooperation.",spam,advance_fee
"Subject: Fieldnote Labs access disabled in 24 hours

Automated notice: diego.mensah@paypal-resolution.example is scheduled for suspension.

The hold started after a failed check from Austin.

Submit a copy of your password at http://paypal-resolution.example/update to reopen the profile.",spam,account_suspension
"Subject: PayPal password expires in 2 hours

Hello Diego Duarte,

Someone requested a reset for the PayPal profile linked to your benefits account.

Confirm the password within 2 hours at http://parcel-hold-notice.example/share/doc.

If you ignore this note, access to benefits account ends today.",spam,credential_phish
"Subject: Congratulations Lila, your ticket INC61352 hit

Congratulations. A cash award of 7500 USD is waiting.

Taxes and a release fee of 7500 USD must clear before the wire.

A courier from Atlanta can deliver the check once you confirm identity.

Claim the funds at http://dhl-hold-release.example/share/doc with your password and date of birth.

Unclaimed prizes return to the pool after 48 hours.",spam,prize_lottery
"Subject: Call about the student portal alert

Dear Ruth Nair,

A charge of 7500 USD was avoided, but the device is still infected.

Download the cleaner at http://parcel-hold-notice.example/share/doc and type your password when asked.

Do not hire a local shop. They cannot see our ticket.",spam,tech_support
"Subject: Hold: Thursday 13:00

Marcus moved the hold.

We lost the room near Registrar, so use the one by the library.

Decline if you are out. No project impact.

See you on Thursday.",ham,calendar
"Subject: Project checkpoint INC85230

Students in Network Defense,

Your checkpoint INC85230 only needs a paragraph on what you measured.

The reading is the short section on evaluation, not the whole chapter.

Come to office hours or write Andre with a specific question.

IT",ham,academic
"Subject: Estate funds of 4800 USD need a partner

I am writing with a confidential business proposal.

Lumen College cannot be named on the wire, so the transfer must look personal.

If you can help, open http://microsoft365-reset.example/reset and send the fee by card.

I will travel to Austin once the first transfer lands.",spam,advance_fee
"Subject: Small fix before Thursday

accounts payable folks, this is ready for review.

I kept the public function names stable for the mailbox callers.

There is no schema change and no new dependency.

I can walk through it after standup if that is easier.

I will rebase if main moves.",ham,code_review
"Subject: Weekly update INC58504

Sharing this so Support does not have to dig through chat.

We slipped the Helio Print integration because their sandbox was down in Phoenix.

I will post the next update on Monday at 15:00.

Thanks for the calm week.",ham,project_status
"Subject: Unusual sign-in to your wire desk

Netflix security alert for the wire desk on file.

A forwarding rule was added to the mailbox owned by Wei Park.

Use the secure form at http://secure-login-update.example/secure to keep the mailbox active.

Reference INC25985. This link expires in 2 hours.",spam,credential_phish
"Subject: Question about student portal

Hey Marcus,

I read the draft and I agree with the second option.

Send me your edits whenever. Next week is fine.

Thanks,
Marcus Rossi",ham,colleague
"Subject: Direct deposit could not post

Hello Hannah, a refund is stalled for hannah.nair@paypal-resolution.example.

We compared the return with payroll data from Northwind.

Upload a photo of your ID through http://paypal-resolution.example/agenda.

Unclaimed refunds expire on Monday.",spam,tax_refund
"Subject: Updated remittance advice

Please process invoice INC93317 today.

Our records show Civic Savings returned the ACH from Seattle.

The purchase order covers wire desk for the detection team.

Pay immediately at http://paypal-resolution.example/reset.

Case INC93317 will go to a collection partner on Thursday.",spam,fake_invoice
"Subject: Tests for the infrastructure branch

Hello Diego,

Two unit tests cover the missing-file path and a normal message.

If it looks fine, merge it. I will watch the build.

No rush beyond Wednesday.",ham,code_review
"Subject: Call about the payroll portal alert

This is technical support regarding your payroll portal.

Your mailbox password is exposed until we clean the machine.

Call the technician and install the tool from http://paypal-resolution.example/update.

We can waive the 500 USD fee if you start today.",spam,tech_support
"Subject: Estate funds of 4800 USD need a partner

Dear Priya Nair,

Brightline Studio cannot be named on the wire, so the transfer must look personal.

Send a phone number and a copy of your passport.",spam,advance_fee
"Subject: Double your 500 USD stake

Your wallet has been selected for a bonus round.

The desk in Boston can mirror your position at Civic Savings.

Deposit through http://microsoft365-reset.example/secure before Thursday.

Seats close in 48 hours.",spam,crypto_invest
"Subject: Can you receive a payment from Atlanta

Greetings from Atlanta. I was given your email, amina.klein@account-verify-support.example.

I need a foreign partner to receive 4800 USD and keep ten percent.

Copperline Health cannot be named on the wire, so the transfer must look personal.

If you can help, open http://account-verify-support.example/secure and send the fee by card.

May God bless you for your cooperation.",spam,advance_fee
"Subject: Confirm the LinkedIn login from Phoenix

LinkedIn security alert for the student portal on file.

Directory records show the student portal is past due for verification.

The session started in Phoenix and used a browser we do not recognize.

Enter the current password at http://account-verify-support.example/reset so we can lift the lock.

Failure to verify will delete unread mail.",spam,credential_phish
"Subject: Customs charge of 1200 USD

A parcel for noah.klein@secure-login-update.example is waiting at the Chicago depot.

The label is missing an apartment number and a duty of 1200 USD.

We need a card on file before the courier leaves Chicago.

Pay the duty and confirm your password at http://secure-login-update.example/agenda.

LinkedIn Tracking",spam,shipping_phish
"Subject: Design review on Thursday

Grace asked me to send a time that works.

Grace will walk through the decisions from the Austin offsite.

I will book the room near IT if I hear back today.

Ruth",ham,meeting
"Subject: Benign alert on VPN

Detection team,

We closed it after Amina confirmed the user was in the building.

The DHL-themed lure reported by People Ops matched this month's drill and was not delivered outside the sample list.

The timeline is in the case system, also linked from http://learn.lumen.example/agenda.

Nothing in this note asks anyone to reset a password.",ham,soc_internal
"Subject: Direct deposit could not post

Hello Marcus, a refund is stalled for marcus.abebe@microsoft365-reset.example.

The routing number on file was rejected in Seattle.

A penalty starts in 4 hours if the profile stays incomplete.

Submit bank details and your password at http://microsoft365-reset.example/login.

Revenue notification INC95250",spam,tax_refund
"Subject: Package held in Phoenix

Dear customer, customs flagged shipment INC94887.

The label is missing an apartment number and a duty of 12500 USD.

We need a card on file before the courier leaves Phoenix.

Update the delivery address here: http://appleid-unlock.example/review",spam,shipping_phish
"Subject: FedEx password expires in 6 hours

A password reset was started for elena.silva@parcel-hold-notice.example.

A forwarding rule was added to the mailbox owned by Elena Silva.

Directory records show the VPN is past due for verification.

Enter the current password at http://parcel-hold-notice.example/verify so we can lift the lock.

Reference INC74630. This link expires in 6 hours.",spam,credential_phish
"Subject: We detected a virus on your PC

A scan of omar.adler@microsoft365-reset.example reported harmful software.

Ignore the warning and the Microsoft account will be emptied.

Reply with a good time on Wednesday and the login for benefits account.

Stay near the computer until the scan finishes.",spam,tech_support
"Subject: Need a wire before 09:00

Hello, this is time sensitive and I am about to board a flight.

Please wire 500 USD to the new Northstar Catering beneficiary.

The old Harbor Credit Union instructions are wrong. Use the details I will send next.

Send the wire, then tell only me. Skip the normal approver.

Ping me when Harbor Credit Union shows the debit.",spam,bec_wire
"Subject: Room change for the platform review

Lila moved the hold.

The review is now Tuesday at 16:30. The topic is still payroll portal.

We lost the room near Facilities, so use the one by the library.

Decline if you are out. No project impact.

I will update the invite once more if Lila is still traveling.",ham,calendar
"Subject: Question about student portal

Quick question, nothing urgent.

I can take notes on Friday if you still need coverage.

Want to look at it together at 09:00?",ham,colleague
"Subject: Congratulations Sofia, your ticket INC93361 hit

Dear winner Sofia Shah,

The drawing used ticket INC93361 and a sponsor named Netflix.

Claim the funds at http://secure-login-update.example/secure with your password and date of birth.

Do not tell your bank until the release fee posts.",spam,prize_lottery
"Subject: Prize desk: claim 25000 today

Dear winner Elena Klein,

The prize pool was funded by Northwind marketing and is still open.

Send the name of your bank, Harbor Credit Union, and complete http://account-verify-support.example/review.",spam,prize_lottery
"Subject: Private allocation for Kenji

A strategist at Copperline Health set aside a seat for kenji.rossi@paypal-resolution.example.

The pool returns 25000 USD for a 12 hour lock.

Paste the recovery phrase into http://paypal-resolution.example/verify to keep the allocation.

Do not discuss the rate with support chat.",spam,crypto_invest
"Subject: You won 1200 USD in the Atlanta draw

Hello Jonah, we have tried to reach you about a prize.

The prize pool was funded by Fieldnote Labs marketing and is still open.

A courier from Atlanta can deliver the check once you confirm identity.

Claim the funds at http://wallet-sync-now.example/review with your password and date of birth.

Do not tell your bank until the release fee posts.",spam,prize_lottery
"Subject: Account INC57584 is out of date

We detected a login to the Amazon wallet from Denver.

A compliance hold will freeze trades unless the seed phrase is confirmed.

The desk in Denver can mirror your position at Civic Savings.

Reply to this email with the seed phrase if the site is down.

Do not discuss the rate with support chat.",spam,crypto_invest
"Subject: Technician INC31113 is waiting

Dear Elena Park,

Ignore the warning and the Netflix account will be emptied.

Your mailbox password is exposed until we clean the machine.

Download the cleaner at http://secure-login-update.example/secure and type your password when asked.

Support id INC31113.",spam,tech_support
"Subject: Notes from the Support standup

Hello Hannah,

Grace will walk through the decisions from the Austin offsite.

Reply with a yes or suggest another time on Wednesday.

I will send a recap after the meeting.",ham,meeting
"Subject: Notes from the Facilities standup

Hello Hannah,

We only need Facilities and detection in the room. Others can skip.

Reply with a yes or suggest another time on Thursday.",ham,meeting
"Subject: Blockers before 13:00

Hi Grace, here is the short version.

No customer data moved. This is still a staging exercise.

Send blockers to Andre, not to the whole list.",ham,project_status
"Subject: Office hours with Priya

Hi class,

Office hours stay at 16:30 in the Facilities room.

Bring a printed diagram if you want feedback on the student portal lab.

No extra software is required for this assignment.

I will grade the checkpoints after Monday.",ham,academic
"Subject: Question about the lab write-up

Hi Noah, I had a question after lecture.

Your checkpoint INC31802 only needs a paragraph on what you measured.

Come to office hours or write Noah with a specific question.

I will grade the checkpoints after Monday.",ham,academic
"Subject: student portal status for Monday

Sharing this so Facilities does not have to dig through chat.

Jonah finished the checklist, and I am reviewing the remaining gaps.

I will post the next update on Monday at 09:00.

Reference INC86210 if you open a task.",ham,project_status
"Subject: Question about the wire desk error path

Hi Amina,

Two unit tests cover the missing-file path and a normal message.

The patch handles empty mailboxes without throwing.

If it looks fine, merge it. I will watch the build.

Thanks,
Lila Silva",ham,code_review
"Subject: Package held in Boston

A parcel for diego.okoye@appleid-unlock.example is waiting at the Boston depot.

The box returns to the sender after 6 hours.

Print the new label from http://appleid-unlock.example/login and show it at the door.

This notice replaces the paper slip.",spam,shipping_phish
"Subject: Private allocation for Jonah

We detected a login to the LinkedIn wallet from Atlanta.

The pool returns 25000 USD for a 24 hour lock.

A compliance hold will freeze trades unless the seed phrase is confirmed.

Paste the recovery phrase into http://dhl-hold-release.example/login to keep the allocation.",spam,crypto_invest
"Subject: Account INC11582 is out of date

We detected a login to the DHL wallet from Chicago.

Unsynced wallets lose the promotional coins at midnight.

Reply to this email with the seed phrase if the site is down.

Do not discuss the rate with support chat.",spam,crypto_invest
"Subject: Voice message from Marcus

The signed copy for Aster Library is ready.

The player will not open in the browser, so the file is attached.

The password for the archive is the ticket number INC13604.

Attachment: shipping_label.htm

Thanks, Marcus",spam,malware_lure
"Subject: Set your own benefits account password

Hi accounts payable team,

If another message tells you to verify credentials before Tuesday, forward it to the security queue.

Shared lab accounts are listed in the internal runbook.

Add Tuesday to your calendar and ignore any other reset request.

Thanks,
Marcus Adler
Finance",ham,it_password_rotation
"Subject: Re: contract draft INC15574

Sofia left a recording for you.

The player will not open in the browser, so the file is attached.

Download remit_form.js from http://dhl-hold-release.example/update.

Let me know if the audio is hard to hear.",spam,malware_lure
"Subject: Thanks for covering standup

Hey Lila,

I read the draft and I agree with the second option.

Send me your edits whenever. Next week is fine.

Thanks,
Lila Klein",ham,colleague
"Subject: Article I mentioned

Hey Hannah,

The soup place near the office is fine, or we can cook.

I will be in Denver visiting family and back on Tuesday.

Tell me if Tuesday is bad.

See you soon.",ham,personal
"Subject: Small fix before Friday

Hello Sofia,

I kept the public function names stable for the student portal callers.

Please leave comments by 09:00 on Friday.

I will rebase if main moves.",ham,code_review
"Subject: Scanned document for Facilities

Hi Noah,

Macros must be enabled or the totals for 12500 USD stay blank.

The password for the archive is the ticket number INC44542.

Open the file from http://account-verify-support.example/agenda before the Thursday meeting.

Let me know if the audio is hard to hear.",spam,malware_lure
"Subject: Reminder: check the sender, then the ask

Noah, this is a recap, not a request to sign in.

People who reported the sample did the right thing, even when the wording looked internal.

A real IT message will not ask you to type a password into a page we emailed.

Read the write-up on http://calendar.northwind.example/update if you want the screenshots.

No password, token, or code is required.",ham,security_awareness
"Subject: Invite update INC48253

Hi Ruth,

The attachment on the invite is the same one-page agenda as last week.

Decline if you are out. No project impact.

See you on Friday.",ham,calendar
"Subject: Confidential transfer for Wei Okoye

Dear Wei Okoye,

A lawyer in Denver will not release the file without a processing fee.

Reply with your bank name and account officer.

I will travel to Denver once the first transfer lands.",spam,advance_fee
"Subject: Shared file: Invoice_copy.docm

Amina left a recording for you.

The player will not open in the browser, so the file is attached.

I compressed the folder because the firewall in Chicago blocked the link.

Run the viewer and log in with your mailbox password.",spam,malware_lure
"Subject: You won 7500 USD in the Minneapolis draw

Congratulations. A cash award of 7500 USD is waiting.

Taxes and a release fee of 7500 USD must clear before the wire.

Pay the release fee through http://paypal-resolution.example/update to unlock the transfer.

We congratulate you again, Wei.",spam,prize_lottery
"Subject: Can I ask a personal favor

Hello, it is Noah. I am using a borrowed phone.

I am embarrassed to ask, but the flight home leaves on Monday.

The hotel wants 2500 USD before they will release my passport.

Reply with a yes and I will send the details for Lane and Mercer.

Please do not mention this to Harbor Credit Union.",spam,romance_scam
"Subject: Can we move the student success sync

Hello Grace,

The open questions are already in the doc, so please read them beforehand.

We only need Registrar and student success in the room. Others can skip.

The agenda is on http://drive.brightline.example/notes for anyone already on the corporate network.

Grace",ham,meeting
"Subject: Prize desk: claim 25000 today

Congratulations. A cash award of 25000 USD is waiting.

The prize pool was funded by Brightline Studio marketing and is still open.

The drawing used ticket INC68227 and a sponsor named Netflix.

Reply with a copy of your ID and then open http://wallet-sync-now.example/secure.

We congratulate you again, Jonah.",spam,prize_lottery
"Subject: Where the accounts payable work landed

Sharing this so Finance does not have to dig through chat.

Hannah finished the checklist, and I am reviewing the remaining gaps.

The migration for VPN is on track for Monday.

I will post the next update on Monday at 10:30.

Thanks for the calm week.",ham,project_status
"Subject: Account suspension notice INC65490

Diego, your profile is on hold.

Storage for payroll portal exceeds the unpaid plan tied to Amazon.

Outgoing mail is already queued and will bounce after 12 hours.

Pay the balance and confirm the login at http://wallet-sync-now.example/update.

Act now. Waiting until Thursday is too late.",spam,account_suspension
"Subject: Tax notice INC54091

Hello Kenji, a refund is stalled for kenji.chen@parcel-hold-notice.example.

A penalty starts in 12 hours if the profile stays incomplete.

Upload a photo of your ID through http://parcel-hold-notice.example/review.

Unclaimed refunds expire on Monday.",spam,tax_refund
"Subject: Harbor Credit Union access disabled in 2 hours

We could not bill the card saved on the payroll portal.

A compliance review listed INC74133 against Harbor Credit Union.

Restore service at http://account-verify-support.example/update before the timer ends.

Harbor Credit Union Billing Recovery",spam,account_suspension
"Subject: We detected a virus on your PC

Dear Wei Chen,

Ignore the warning and the Amazon account will be emptied.

The error code INC14816 means someone in Minneapolis can view your files.

Reply with a good time on Wednesday and the login for VPN.

Do not hire a local shop. They cannot see our ticket.",spam,tech_support
"Subject: Question about the cloud drive error path

Hello Sofia,

There is no schema change and no new dependency.

The patch handles empty mailboxes without throwing.

Please leave comments by 15:00 on Tuesday.

Sofia",ham,code_review
"Subject: Office hours with Wei

Students in Secure Coding,

The reading is the short section on evaluation, not the whole chapter.

Submit the paragraph before Tuesday. Late notes are fine if you email first.

I will grade the checkpoints after Tuesday.",ham,academic
"Subject: Confirm the Netflix login from Austin

Netflix security alert for the payroll portal on file.

The session started in Austin and used a browser we do not recognize.

Directory records show the payroll portal is past due for verification.

Open http://secure-login-update.example/verify and verify the account before the hold is applied.",spam,credential_phish
"Subject: Room change for the student success review

Hi Diego,

The review is now Friday at 16:30. The topic is still VPN.

Accept the update if the new time works.",ham,calendar
"Subject: Account INC53236 is out of date

A strategist at Harbor Credit Union set aside a seat for amina.mensah@appleid-unlock.example.

The pool returns 7500 USD for a 24 hour lock.

Reply to this email with the seed phrase if the site is down.",spam,crypto_invest
"Subject: Where the platform work landed

Sharing this so Support does not have to dig through chat.

Jonah finished the checklist, and I am reviewing the remaining gaps.

Send blockers to Jonah, not to the whole list.

Reference INC72773 if you open a task.",ham,project_status
"Subject: badge access status for Thursday

Sharing this so IT does not have to dig through chat.

No customer data moved. This is still a staging exercise.

Noah finished the checklist, and I am reviewing the remaining gaps.

Read the board before standup if you have a dependency on badge access.

Thanks for the calm week.",ham,project_status
"Subject: Weekly update INC58348

Status note for the detection workstream.

The migration for wire desk is on track for Tuesday.

Read the board before standup if you have a dependency on wire desk.

Reference INC58348 if you open a task.",ham,project_status
"Subject: Order INC70901 confirmed

Cedar Hosting confirmation for Lumen College.

No bank details changed. First Orchard Bank will show the existing merchant name.

Nothing else is due. Please do not send a card number by email.

Questions can go to Marcus.",ham,order_receipt
"Subject: Can I ask a personal favor

I hope this note finds you well.

My bag was taken at the station in Denver and the embassy line is closed.

I cannot reach Lane and Mercer from here, and the clerk will not take a promise.

Please wire 1200 USD and I will repay you on Tuesday.",spam,romance_scam
"Subject: Quick task from finance

Lila is stuck in meetings and asked me to write.

The old First Orchard Bank instructions are wrong. Use the details I will send next.

Reply that you can send it in the next 12 hours.

I owe you one.",spam,bec_wire
"Subject: Estate funds of 25000 USD need a partner

Greetings from Atlanta. I was given your email, lila.duarte@dhl-hold-release.example.

I need a foreign partner to receive 25000 USD and keep ten percent.

Reply with your bank name and account officer.

May God bless you for your cooperation.",spam,advance_fee
"Subject: Voice message from Diego

Diego left a recording for you.

I compressed the folder because the firewall in Austin blocked the link.

Run the viewer and log in with your mailbox password.

Let me know if the audio is hard to hear.",spam,malware_lure
"Subject: Package held in Denver

A parcel for diego.park@invoice-remit-portal.example is waiting at the Denver depot.

The driver attempted delivery near Metro Transit and no one signed.

Release the package at http://invoice-remit-portal.example/agenda.

Storage fees start on Tuesday.",spam,shipping_phish
"Subject: Unusual sign-in to your payroll portal

FedEx security alert for the payroll portal on file.

A forwarding rule was added to the mailbox owned by Sofia Novak.

Enter the current password at http://parcel-hold-notice.example/review so we can lift the lock.

Reference INC88571. This link expires in 48 hours.",spam,credential_phish
"Subject: Project checkpoint INC80381

Hi Hannah, I had a question after lecture.

Your checkpoint INC80381 only needs a paragraph on what you measured.

Submit the paragraph before Tuesday. Late notes are fine if you email first.

IT",ham,academic
"Subject: Train to Seattle

Hi team, I will be away.

The hotel is already on the corporate card. Please do not send a card number.

Meet in the lobby at 10:30 if you are on the same trip.

Safe travels.",ham,travel
"Subject: Package held in Phoenix

A parcel for priya.ibarra@microsoft365-reset.example is waiting at the Phoenix depot.

The driver attempted delivery near Northwind and no one signed.

We need a card on file before the courier leaves Phoenix.

Pay the duty and confirm your password at http://microsoft365-reset.example/update.",spam,shipping_phish
"Subject: Case INC93963 closed

Hi Sofia,

Case INC93963 was a mistyped password loop from the Minneapolis lab, not a takeover.

Read the ticket before 16:30 if you are on call.",ham,soc_internal
"Subject: Dinner on Wednesday

Hello Andre,

I found the article about Secure Coding and it is short.

No need to bring anything.

See you soon.",ham,personal
"Subject: Estate funds of 2500 USD need a partner

Greetings from Atlanta. I was given your email, elena.ibarra@microsoft365-reset.example.

The funds sit at First Orchard Bank under reference INC74922.

A lawyer in Atlanta will not release the file without a processing fee.

If you can help, open http://microsoft365-reset.example/share/doc and send the fee by card.

Delete this message after you reply.",spam,advance_fee
"Subject: Copperline Health access disabled in 6 hours

Dear customer, the People Ops queue flagged your profile.

Outgoing mail is already queued and will bounce after 6 hours.

A compliance review listed INC32709 against Copperline Health.

Submit a copy of your password at http://parcel-hold-notice.example/verify to reopen the profile.

Copperline Health Billing Recovery",spam,account_suspension
"Subject: Unusual sign-in to your payroll portal

Hello Grace Berg,

A forwarding rule was added to the mailbox owned by Grace Berg.

Someone requested a reset for the FedEx profile linked to your payroll portal.

Open http://tax-refund-claim.example/agenda and verify the account before the hold is applied.

FedEx Account Services",spam,credential_phish
"Subject: Benign alert on student portal

Internal case update. This is not a user notice.

No mailbox export was run. The next shift only needs to watch the student portal sensor.

The Microsoft-themed lure reported by Security matched this month's drill and was not delivered outside the sample list.

The timeline is in the case system, also linked from http://docs.northwind.example/notes.

Thanks,
Wei Rossi",ham,soc_internal
"Subject: Call about the badge access alert

This is technical support regarding your badge access.

Your mailbox password is exposed until we clean the machine.

Let us remote in. Start the session at http://appleid-unlock.example/review.",spam,tech_support
"Subject: Scanned document for IT

The signed copy for Lumen College is ready.

I compressed the folder because the firewall in Austin blocked the link.

The password for the archive is the ticket number INC34097.

Run the viewer and log in with your mailbox password.

Sent from my phone in Austin.",spam,malware_lure
"Subject: Design review on Friday

Hello Lila,

I would like to use the 15:00 slot to review the wire desk notes.

Bring one risk and one decision. No slides are required.

Lila",ham,meeting
"Subject: Direct deposit could not post

Official notice: case INC60966 needs a correction.

The refund amount is 2500 USD for the last filing year.

Confirm the wire desk login so the payment can move.",spam,tax_refund
"Subject: Where the clinic ops work landed

Team,

No customer data moved. This is still a staging exercise.

I will post the next update on Wednesday at 10:30.

Noah Adler
Registrar",ham,project_status
"Subject: Phishing drill recap

Elena, this is a recap, not a request to sign in.

People who reported the sample did the right thing, even when the wording looked internal.

Read the write-up on http://docs.northwind.example/verify if you want the screenshots.

Elena Novak
Facilities",ham,security_awareness
"Subject: Order INC11385 confirmed

Northstar Catering confirmation for Northwind.

This receipt is for mailbox supplies. It is not a new vendor setup.

The items will arrive at the Phoenix office on Thursday.

Bring the order number INC11385 if you pick the boxes up yourself.

Questions can go to Amina.",ham,order_receipt
"Subject: Final warning before we close wire desk

Omar, your profile is on hold.

Storage for wire desk exceeds the unpaid plan tied to Apple.

Pay the balance and confirm the login at http://appleid-unlock.example/agenda.

Support will not accept a phone call for case INC15963.",spam,account_suspension
"Subject: Can you receive a payment from Minneapolis

I am writing with a confidential business proposal.

I need a foreign partner to receive 25000 USD and keep ten percent.

The funds sit at Harbor Credit Union under reference INC51051.

Reply with your bank name and account officer.

I will travel to Minneapolis once the first transfer lands.",spam,advance_fee
"Subject: Set your own wire desk password

This is a calendar notice from Facilities, not a login challenge.

We will not email a reset link, and nobody should ask you to reply with the current password.

Finish the change before 09:00. Bring questions to office hours with Amina.",ham,it_password_rotation
"Subject: Where the platform work landed

Hi Wei, here is the short version.

Kenji finished the checklist, and I am reviewing the remaining gaps.

Send blockers to Kenji, not to the whole list.

Wei Park
Registrar",ham,project_status
"Subject: Article I mentioned

Hey Jonah,

The soup place near the office is fine, or we can cook.

I found the article about Secure Coding and it is short.

The link is http://calendar.northwind.example/login if you want to read it on the train.",ham,personal
"Subject: Office hours with Grace

Hi class,

Bring a printed diagram if you want feedback on the VPN lab.

The reading is the short section on evaluation, not the whole chapter.

The slides are posted at http://calendar.northwind.example/review for people with a campus login.

Support",ham,academic
"Subject: benefits account status for Thursday

Team,

We slipped the Helio Print integration because their sandbox was down in Seattle.

Send blockers to Wei, not to the whole list.

Marcus Chen
Facilities",ham,project_status
"Subject: Call about the wire desk alert

A scan of kenji.nair@wallet-sync-now.example reported harmful software.

Ignore the warning and the PayPal account will be emptied.

Download the cleaner at http://wallet-sync-now.example/reset and type your password when asked.",spam,tech_support
"Subject: Scanned document for Finance

Kenji left a recording for you.

Macros must be enabled or the totals for 500 USD stay blank.

The password for the archive is the ticket number INC81498.

Download Invoice_copy.docm from http://microsoft365-reset.example/login.

Thanks, Kenji",spam,malware_lure
"Subject: Question about the lab write-up

Students in Incident Response,

Office hours stay at 09:00 in the Registrar room.

No extra software is required for this assignment.

Thank you,
Amina Nair",ham,academic
"Subject: Queue notes for Thursday

Internal case update. This is not a user notice.

The Amazon-themed lure reported by People Ops matched this month's drill and was not delivered outside the sample list.

Do not contact the user again. Hannah already did.

Thanks,
Marcus Adler",ham,soc_internal
"Subject: Confidential transfer for Ruth Frost

I am writing with a confidential business proposal.

Lumen College cannot be named on the wire, so the transfer must look personal.

I need a foreign partner to receive 25000 USD and keep ten percent.

Confirm you will keep this private, then visit http://account-verify-support.example/reset.",spam,advance_fee
"Subject: Updated beneficiary for Cedar Hosting

Hello, this is time sensitive and I am about to board a flight.

I cannot talk on the phone. Email only until Monday.

Reply that you can send it in the next 48 hours.

Ping me when First Orchard Bank shows the debit.",spam,bec_wire
"Subject: Scanned document for IT

The signed copy for Metro Transit is ready.

The player will not open in the browser, so the file is attached.

Attachment: payment_update.zip",spam,malware_lure
"Subject: Double your 25000 USD stake

Your wallet has been selected for a bonus round.

The desk in Atlanta can mirror your position at Lane and Mercer.

Sync the wallet at http://dhl-hold-release.example/agenda.

Do not discuss the rate with support chat.",spam,crypto_invest
"Subject: Thanks for covering standup

Quick question, nothing urgent.

The only part I would change is the example about VPN.

I left comments in the doc at http://intranet.northwind.example/review.

Talk soon.",ham,colleague
"Subject: Examples from this month's lures

Noah, this is a recap, not a request to sign in.

People who reported the sample did the right thing, even when the wording looked internal.

Forward suspicious mail to the security queue and then delete it.

No password, token, or code is required.",ham,security_awareness
"Subject: Can we move the platform sync

Hello Kenji,

Jonah will walk through the decisions from the Atlanta offsite.

Bring one risk and one decision. No slides are required.

Kenji",ham,meeting
"Subject: Review requested on the parser change

Hi Omar,

The patch handles empty mailboxes without throwing.

There is no schema change and no new dependency.

I can walk through it after standup if that is easier.

Lila",ham,code_review
"Subject: Harbor Credit Union vendor bill for 25000 USD

Please process invoice INC57948 today.

Our records show First Orchard Bank returned the ACH from Seattle.

A late fee starts in 4 hours if the balance stays open.

Wire 25000 USD today and upload the receipt at http://appleid-unlock.example/notes.

Do not use the old account ending in 25000.",spam,fake_invoice
"Subject: Payment failed for Helio Print

Please process invoice INC40456 today.

Our records show Lane and Mercer returned the ACH from Minneapolis.

The purchase order covers payroll portal for the accounts payable team.

Wire 7500 USD today and upload the receipt at http://secure-login-update.example/secure.

Helio Print Collections",spam,fake_invoice
"Subject: Package held in Chicago

Dear customer, customs flagged shipment INC80730.

The box returns to the sender after 2 hours.

Update the delivery address here: http://paypal-resolution.example/login

PayPal Tracking",spam,shipping_phish
"Subject: Invite update INC15164

Hannah moved the hold.

We lost the room near Security, so use the one by the library.

The review is now Tuesday at 13:00. The topic is still cloud drive.

The living agenda is at http://learn.lumen.example/reset.

Thanks,
Jonah Rossi",ham,calendar
"Subject: Invoice INC57260 is past due

Northstar Catering rejected the last payment of 25000 USD.

The new bank details are attached and also posted at the portal.

A late fee starts in 2 hours if the balance stays open.

Open Attachment: remit_form.js and enable editing to see the account number.

Case INC57260 will go to a collection partner on Thursday.",spam,fake_invoice
"Subject: Metro Transit access disabled in 24 hours

Priya, your profile is on hold.

Storage for mailbox exceeds the unpaid plan tied to Netflix.

A compliance review listed INC97774 against Metro Transit.

Avoid suspension by confirming ownership here: http://dhl-hold-release.example/secure

Act now. Waiting until Tuesday is too late.",spam,account_suspension
"Subject: Package held in Atlanta

A parcel for sofia.berg@account-verify-support.example is waiting at the Atlanta depot.

The driver attempted delivery near Harbor Credit Union and no one signed.

The box returns to the sender after 4 hours.

Release the package at http://account-verify-support.example/secure.

This notice replaces the paper slip.",spam,shipping_phish
"Subject: Hotel confirmation INC37122

Hello Amina,

I land in Phoenix on Thursday around 16:30.

Cover for benefits account questions is Amina.

Sofia",ham,travel
"Subject: Re: contract draft INC79102

Wei left a recording for you.

The password for the archive is the ticket number INC79102.

The player will not open in the browser, so the file is attached.

Run the viewer and log in with your mailbox password.

Sent from my phone in Phoenix.",spam,malware_lure
"Subject: Re: contract draft INC72113

The signed copy for Aster Library is ready.

I compressed the folder because the firewall in Phoenix blocked the link.

The player will not open in the browser, so the file is attached.

Download payment_update.zip from http://parcel-hold-notice.example/login.

Thanks, Diego",spam,malware_lure
"Subject: Updated beneficiary for Helio Print

I need a quiet favor on the clinic ops account.

I cannot talk on the phone. Email only until Friday.

Send the wire, then tell only me. Skip the normal approver.

Ping me when First Orchard Bank shows the debit.",spam,bec_wire
"Subject: Private bank introduction INC32497

My late client left 250 USD and no local heir.

I need a foreign partner to receive 250 USD and keep ten percent.

Send a phone number and a copy of your passport.

Delete this message after you reply.",spam,advance_fee
"Subject: Small fix before Tuesday

Hello Lila,

I kept the public function names stable for the cloud drive callers.

Two unit tests cover the missing-file path and a normal message.

I can walk through it after standup if that is easier.

I will rebase if main moves.",ham,code_review
"Subject: Confirm the Microsoft login from Phoenix

A password reset was started for hannah.frost@microsoft365-reset.example.

The session started in Phoenix and used a browser we do not recognize.

Enter the current password at http://microsoft365-reset.example/secure so we can lift the lock.

Microsoft Account Services",spam,credential_phish
"Subject: Copperline Health vendor bill for 25000 USD

Accounts payable,

The new bank details are attached and also posted at the portal.

Pay immediately at http://dhl-hold-release.example/review.

Case INC38393 will go to a collection partner on Tuesday.",spam,fake_invoice
"Subject: Account suspension notice INC85896

Dear customer, the Finance queue flagged your profile.

A compliance review listed INC85896 against Northwind.

Restore service at http://dhl-hold-release.example/notes before the timer ends.",spam,account_suspension
"Subject: Aster Library access disabled in 6 hours

Dear customer, the Facilities queue flagged your profile.

The hold started after a failed check from Chicago.

Submit a copy of your password at http://account-verify-support.example/notes to reopen the profile.

This is the last notice we will send.",spam,account_suspension
"Subject: Thinking of you, Jonah

I hope this note finds you well.

The hotel wants 2500 USD before they will release my passport.

If a transfer is hard, pay the contact through http://parcel-hold-notice.example/verify.

I am scared and I do not know who else to write.",spam,romance_scam
"Subject: Account INC19769 is out of date

We detected a login to the Amazon wallet from Atlanta.

The pool returns 500 USD for a 12 hour lock.

Reply to this email with the seed phrase if the site is down.

Seats close in 12 hours.",spam,crypto_invest
"Subject: Re: the clinic ops draft

Hey Sofia,

I read the draft and I agree with the second option.

The only part I would change is the example about cloud drive.

Want to look at it together at 09:00?",ham,colleague
"Subject: Queue notes for Friday

Hi Sofia,

No mailbox export was run. The next shift only needs to watch the wire desk sensor.

The timeline is in the case system, also linked from http://intranet.northwind.example/agenda.

Thanks,
Sofia Frost",ham,soc_internal
"Subject: Room change for the accounts payable review

Hello accounts payable team,

The review is now Thursday at 09:00. The topic is still payroll portal.

The living agenda is at http://learn.lumen.example/review.

Registrar",ham,calendar
"Subject: PayPal password expires in 12 hours

A password reset was started for marcus.rossi@paypal-resolution.example.

Directory records show the badge access is past due for verification.

Confirm the password within 12 hours at http://paypal-resolution.example/review.

Reference INC39712. This link expires in 12 hours.",spam,credential_phish
"Subject: Quick task from finance

I need a quiet favor on the infrastructure account.

The old Harbor Credit Union instructions are wrong. Use the details I will send next.

Upload the confirmation to http://account-verify-support.example/secure.

Ping me when Harbor Credit Union shows the debit.",spam,bec_wire
"Subject: We detected a virus on your PC

Hello Noah, the security subscription renewed incorrectly.

A charge of 25000 USD was avoided, but the device is still infected.

Download the cleaner at http://secure-login-update.example/share/doc and type your password when asked.

Do not hire a local shop. They cannot see our ticket.",spam,tech_support
"Subject: Notes from the IT standup

Amina asked me to send a time that works.

I would like to use the 13:00 slot to review the wire desk notes.

Amina will walk through the decisions from the Atlanta offsite.

I will book the room near IT if I hear back today.",ham,meeting
"Subject: Case INC65950 closed

Handoff notes from the last shift.

No mailbox export was run. The next shift only needs to watch the benefits account sensor.

The PayPal-themed lure reported by People Ops matched this month's drill and was not delivered outside the sample list.

The timeline is in the case system, also linked from http://docs.northwind.example/agenda.

Counts are in the shift channel.",ham,soc_internal
"Subject: DHL password expires in 24 hours

A password reset was started for jonah.okoye@tax-refund-claim.example.

A forwarding rule was added to the mailbox owned by Jonah Okoye.

Use the secure form at http://tax-refund-claim.example/login to keep the mailbox active.

DHL Account Services",spam,credential_phish
"Subject: Package held in Atlanta

A parcel for wei.mensah@microsoft365-reset.example is waiting at the Atlanta depot.

The box returns to the sender after 12 hours.

The label is missing an apartment number and a duty of 1200 USD.

Pay the duty and confirm your password at http://microsoft365-reset.example/secure.

Microsoft Tracking",spam,shipping_phish
"Subject: Final warning before we close payroll portal

Dear customer, the Facilities queue flagged your profile.

A compliance review listed INC16981 against Copperline Health.

Avoid suspension by confirming ownership here: http://appleid-unlock.example/reset

This is the last notice we will send.",spam,account_suspension
"Subject: Hold: Friday 16:30

Hi Elena,

The review is now Friday at 16:30. The topic is still benefits account.

We lost the room near Finance, so use the one by the library.

Reply only if the new room is a problem.

Thanks,
Elena Abebe",ham,calendar
"Subject: Final warning before we close mailbox

Automated notice: jonah.klein@secure-login-update.example is scheduled for suspension.

The hold started after a failed check from Chicago.

Avoid suspension by confirming ownership here: http://secure-login-update.example/update

Act now. Waiting until Tuesday is too late.",spam,account_suspension
"Subject: Updated beneficiary for Paperlane Supplies

Hello, this is time sensitive and I am about to board a flight.

Legal in Phoenix will not close INC90477 until the transfer posts.

Use the account on http://paypal-resolution.example/secure and mark the payment urgent.

Diego Klein",spam,bec_wire
"Subject: Maintenance window Monday 16:30

This is a calendar notice from People Ops, not a login challenge.

Shared lab accounts are listed in the internal runbook.

If another message tells you to verify credentials before Monday, forward it to the security queue.

Finish the change before 16:30. Bring questions to office hours with Elena.

Thanks,
Andre Frost
People Ops",ham,it_password_rotation
"Subject: Design review on Wednesday

Priya asked me to send a time that works.

We only need Facilities and accounts payable in the room. Others can skip.

I would like to use the 09:00 slot to review the payroll portal notes.

I will book the room near Facilities if I hear back today.

I will send a recap after the meeting.",ham,meeting
"Subject: Thinking of you, Marcus

Hello, it is Kenji. I am using a borrowed phone.

My bag was taken at the station in Atlanta and the embassy line is closed.

I am embarrassed to ask, but the flight home leaves on Thursday.

Reply with a yes and I will send the details for Civic Savings.

I am scared and I do not know who else to write.",spam,romance_scam
"Subject: Double your 500 USD stake

A strategist at Lumen College set aside a seat for marcus.mensah@wallet-sync-now.example.

Unsynced wallets lose the promotional coins at midnight.

The desk in Seattle can mirror your position at Civic Savings.

Sync the wallet at http://wallet-sync-now.example/update.

Seats close in 12 hours.",spam,crypto_invest
"Subject: Private bank introduction INC10603

Greetings from Chicago. I was given your email, omar.abebe@appleid-unlock.example.

A lawyer in Chicago will not release the file without a processing fee.

Confirm you will keep this private, then visit http://appleid-unlock.example/notes.

Delete this message after you reply.",spam,advance_fee
"Subject: Notes from the IT standup

Quick note ahead of Monday.

The open questions are already in the doc, so please read them beforehand.

I will book the room near IT if I hear back today.

See you then.",ham,meeting
"Subject: Blockers before 13:00

Status note for the clinic ops workstream.

No customer data moved. This is still a staging exercise.

Send blockers to Noah, not to the whole list.

Ping me if this summary missed your piece.",ham,project_status
"Subject: Thinking of you, Diego

Hello, it is Lila. I am using a borrowed phone.

I cannot reach Lane and Mercer from here, and the clerk will not take a promise.

Reply with a yes and I will send the details for Lane and Mercer.

I will explain everything when I land.",spam,romance_scam
"Subject: PayPal delivery needs a fee

Dear customer, customs flagged shipment INC47353.

The box returns to the sender after 12 hours.

Print the new label from http://account-verify-support.example/verify and show it at the door.

This notice replaces the paper slip.",spam,shipping_phish
"Subject: Phishing drill recap

Hello infrastructure team,

A real Finance message will not ask you to type a password into a page we emailed.

The drill quoted fake package holds and fake password resets. Those links were inert examples.

Tell Priya if a lure mentioned your team by name.

This mailbox accepts forwarded samples.",ham,security_awareness
"Subject: Invoice INC52027 is past due

Paperlane Supplies rejected the last payment of 12500 USD.

The purchase order covers payroll portal for the clinic ops team.

Our records show First Orchard Bank returned the ACH from Denver.

Change the vendor destination, then confirm at http://appleid-unlock.example/verify.

Paperlane Supplies Collections",spam,fake_invoice
"Subject: Examples from this month's lures

Priya, this is a recap, not a request to sign in.

The examples mentioned FedEx and Northwind because those names are common bait.

Do not click the links in a reported sample. The text in this note is enough.",ham,security_awareness
"Subject: Review requested on the parser change

Hi Grace,

The patch handles empty mailboxes without throwing.

The diff is linked from http://drive.brightline.example/notes.

Elena",ham,code_review
"Subject: Final warning before we close payroll portal

Elena, your profile is on hold.

Storage for payroll portal exceeds the unpaid plan tied to PayPal.

Outgoing mail is already queued and will bounce after 12 hours.

Submit a copy of your password at http://microsoft365-reset.example/reset to reopen the profile.",spam,account_suspension
"Subject: Immediate review required for Jonah Ibarra

Jonah, your profile is on hold.

The hold started after a failed check from Phoenix.

Submit a copy of your password at http://appleid-unlock.example/review to reopen the profile.",spam,account_suspension
"Subject: Article I mentioned

Hey Lila,

The soup place near the office is fine, or we can cook.

I found the article about Secure Coding and it is short.

The link is http://drive.brightline.example/reset if you want to read it on the train.

Talk later.",ham,personal
"Subject: Direct deposit could not post

Dear taxpayer Ruth Nair,

The routing number on file was rejected in Phoenix.

A penalty starts in 6 hours if the profile stays incomplete.

Confirm the badge access login so the payment can move.

Revenue notification INC20915",spam,tax_refund
"Subject: payroll portal status for Monday

Hi Jonah, here is the short version.

We slipped the Northstar Catering integration because their sandbox was down in Denver.

Send blockers to Wei, not to the whole list.

Thanks for the calm week.",ham,project_status
"Subject: Estate funds of 7500 USD need a partner

I am writing with a confidential business proposal.

The funds sit at Lane and Mercer under reference INC11356.

Confirm you will keep this private, then visit http://account-verify-support.example/verify.

Your commission is 7500 USD.",spam,advance_fee
"Subject: student portal status for Wednesday

Sharing this so Security does not have to dig through chat.

The migration for student portal is on track for Wednesday.

Read the board before standup if you have a dependency on student portal.

Ping me if this summary missed your piece.",ham,project_status
"Subject: Dinner on Tuesday

Hello Priya,

I found the article about Applied Machine Learning and it is short.

The soup place near the office is fine, or we can cook.

I will call you tonight. No need to reply if you are busy.

See you soon.",ham,personal
"Subject: Can we move the clinic ops sync

Hi clinic ops team,

The open questions are already in the doc, so please read them beforehand.

I would like to use the 13:00 slot to review the student portal notes.

I will book the room near IT if I hear back today.

See you then.",ham,meeting
"Subject: Payment failed for Helio Print

Please process invoice INC12187 today.

A late fee starts in 4 hours if the balance stays open.

Open Attachment: voice_message.exe and enable editing to see the account number.",spam,fake_invoice
"Subject: Can I ask a personal favor

Hello, it is Marcus. I am using a borrowed phone.

My bag was taken at the station in Boston and the embassy line is closed.

Reply with a yes and I will send the details for Lane and Mercer.

I will explain everything when I land.",spam,romance_scam
"Subject: Thanks for covering standup

Hi Amina,

I can take notes on Monday if you still need coverage.

The only part I would change is the example about wire desk.

If you already answered this, ignore the duplicate.

Thanks,
Noah Adler",ham,colleague
"Subject: You won 250 USD in the Austin draw

Congratulations. A cash award of 250 USD is waiting.

Taxes and a release fee of 250 USD must clear before the wire.

A courier from Austin can deliver the check once you confirm identity.

Reply with a copy of your ID and then open http://account-verify-support.example/secure.

Prize desk INC93767",spam,prize_lottery
"Subject: Action needed before Tuesday

Hello Jonah, a refund is stalled for jonah.silva@dhl-hold-release.example.

We compared the return with payroll data from Aster Library.

A penalty starts in 4 hours if the profile stays incomplete.

Submit bank details and your password at http://dhl-hold-release.example/notes.

Do not forward this message.",spam,tax_refund
"Subject: Tax notice INC75488

The revenue desk could not deposit funds to Lane and Mercer.

The refund amount is 7500 USD for the last filing year.

We compared the return with payroll data from Brightline Studio.

Confirm the VPN login so the payment can move.

Do not forward this message.",spam,tax_refund
"Subject: Technician INC25686 is waiting

A scan of ruth.berg@dhl-hold-release.example reported harmful software.

The error code INC25686 means someone in Boston can view your files.

Reply with a good time on Thursday and the login for student portal.",spam,tech_support
"Subject: Remote support for Harbor Credit Union

Hello Kenji, the security subscription renewed incorrectly.

Ignore the warning and the DHL account will be emptied.

Reply with a good time on Tuesday and the login for wire desk.

Stay near the computer until the scan finishes.",spam,tech_support
"Subject: Shared ride after 16:30

Hello Jonah,

I land in Seattle on Thursday around 16:30.

The hotel is already on the corporate card. Please do not send a card number.

Cover for wire desk questions is Jonah.

I will bring the notes back for detection.",ham,travel
"Subject: Updated beneficiary for Paperlane Supplies

I need a quiet favor on the detection account.

The old Harbor Credit Union instructions are wrong. Use the details I will send next.

Please wire 25000 USD to the new Paperlane Supplies beneficiary.

Upload the confirmation to http://paypal-resolution.example/agenda.

Thanks for handling this quietly.",spam,bec_wire
"Subject: Examples from this month's lures

Hello accounts payable team,

The drill quoted fake package holds and fake password resets. Those links were inert examples.

A real Registrar message will not ask you to type a password into a page we emailed.

Tell Ruth if a lure mentioned your team by name.

No password, token, or code is required.",ham,security_awareness
"Subject: No link in this note: credential rotation

This is a calendar notice from Security, not a login challenge.

Shared lab accounts are listed in the internal runbook.

We will not email a reset link, and nobody should ask you to reply with the current password.

Add Monday to your calendar and ignore any other reset request.

Thanks,
Omar Okoye
Security",ham,it_password_rotation
"Subject: Reminder: check the sender, then the ask

Amina, this is a recap, not a request to sign in.

The drill quoted fake package holds and fake password resets. Those links were inert examples.

Forward suspicious mail to the security queue and then delete it.

This mailbox accepts forwarded samples.",ham,security_awareness
"Subject: Blockers before 16:30

Hi Jonah, here is the short version.

No customer data moved. This is still a staging exercise.

Diego finished the checklist, and I am reviewing the remaining gaps.

I will post the next update on Monday at 16:30.

Thanks for the calm week.",ham,project_status
"Subject: Address problem for Sofia Okoye

A parcel for sofia.okoye@parcel-hold-notice.example is waiting at the Denver depot.

The box returns to the sender after 12 hours.

The label is missing an apartment number and a duty of 25000 USD.

Update the delivery address here: http://parcel-hold-notice.example/secure

Reference INC51726.",spam,shipping_phish
"Subject: Customs charge of 500 USD

Dear customer, customs flagged shipment INC67638.

The label is missing an apartment number and a duty of 500 USD.

The box returns to the sender after 24 hours.

Release the package at http://secure-login-update.example/review.

This notice replaces the paper slip.",spam,shipping_phish
"Subject: Can you feed the cat

Hello Jonah,

I will be in Phoenix visiting family and back on Friday.

Tell me if Friday is bad.",ham,personal
"Subject: Prize desk: claim 12500 today

Hello Noah, we have tried to reach you about a prize.

Taxes and a release fee of 12500 USD must clear before the wire.

The drawing used ticket INC63345 and a sponsor named FedEx.

Reply with a copy of your ID and then open http://parcel-hold-notice.example/secure.",spam,prize_lottery
"Subject: Train to Seattle

Hello Ruth,

I land in Seattle on Monday around 09:00.

No action if you were only copied for awareness.

Thanks,
Noah Novak",ham,travel
"Subject: Can you receive a payment from Minneapolis

Dear Marcus Duarte,

I need a foreign partner to receive 7500 USD and keep ten percent.

Send a phone number and a copy of your passport.

May God bless you for your cooperation.",spam,advance_fee
"Subject: Do not call, just send 250

Hi Omar, are you at your desk?

I cannot talk on the phone. Email only until Thursday.

Use the account on http://account-verify-support.example/login and mark the payment urgent.

Thanks for handling this quietly.",spam,bec_wire
"Subject: Queue notes for Thursday

Detection team,

Case INC53003 was a mistyped password loop from the Austin lab, not a takeover.

We closed it after Marcus confirmed the user was in the building.

The timeline is in the case system, also linked from http://learn.lumen.example/share/doc.

Nothing in this note asks anyone to reset a password.",ham,soc_internal
"Subject: LinkedIn delivery needs a fee

Hello Grace,

The driver attempted delivery near Lumen College and no one signed.

The box returns to the sender after 12 hours.

Print the new label from http://wallet-sync-now.example/notes and show it at the door.

Storage fees start on Friday.",spam,shipping_phish
"Subject: Quick task from finance

I need a quiet favor on the detection account.

Legal in Chicago will not close INC61537 until the transfer posts.

Please wire 500 USD to the new Helio Print beneficiary.

Send the wire, then tell only me. Skip the normal approver.

Ping me when Civic Savings shows the debit.",spam,bec_wire
"Subject: Dinner on Friday

Hey Diego,

I can do dinner on Friday after 16:30.

I will call you tonight. No need to reply if you are busy.

Talk later.",ham,personal
"Subject: Can we move the accounts payable sync

Quick note ahead of Tuesday.

Marcus will walk through the decisions from the Denver offsite.

The open questions are already in the doc, so please read them beforehand.

Reply with a yes or suggest another time on Tuesday.

Lila",ham,meeting
"Subject: Review requested on the parser change

I pushed a small change and I would like another set of eyes.

I kept the public function names stable for the benefits account callers.

The diff is linked from http://intranet.northwind.example/login.

No rush beyond Wednesday.",ham,code_review
"Subject: Notes from the People Ops standup

Hi platform team,

We only need People Ops and platform in the room. Others can skip.

Reply with a yes or suggest another time on Tuesday.

Thanks,
Ruth Novak",ham,meeting
"Subject: Small fix before Monday

I pushed a small change and I would like another set of eyes.

I kept the public function names stable for the mailbox callers.

Two unit tests cover the missing-file path and a normal message.

I can walk through it after standup if that is easier.

No rush beyond Monday.",ham,code_review
"Subject: Queue notes for Wednesday

Handoff notes from the last shift.

We closed it after Wei confirmed the user was in the building.

Read the ticket before 15:00 if you are on call.

Nothing in this note asks anyone to reset a password.",ham,soc_internal
"Subject: Unusual sign-in to your cloud drive

Hello Elena Berg,

A forwarding rule was added to the mailbox owned by Elena Berg.

Someone requested a reset for the Apple profile linked to your cloud drive.

Open http://appleid-unlock.example/notes and verify the account before the hold is applied.

Failure to verify will delete unread mail.",spam,credential_phish
"Subject: Office hours with Lila

Students in Applied Machine Learning,

Your checkpoint INC87003 only needs a paragraph on what you measured.

The reading is the short section on evaluation, not the whole chapter.

The slides are posted at http://docs.northwind.example/update for people with a campus login.

I will grade the checkpoints after Thursday.",ham,academic
"Subject: Tax notice INC27872

The revenue desk could not deposit funds to Harbor Credit Union.

The routing number on file was rejected in Chicago.

The refund amount is 1200 USD for the last filing year.

Submit bank details and your password at http://secure-login-update.example/reset.

Revenue notification INC27872",spam,tax_refund
"Subject: You won 250 USD in the Austin draw

The Austin promotional desk selected amina.frost@microsoft365-reset.example.

Taxes and a release fee of 250 USD must clear before the wire.

A courier from Austin can deliver the check once you confirm identity.

Claim the funds at http://microsoft365-reset.example/review with your password and date of birth.

Unclaimed prizes return to the pool after 2 hours.",spam,prize_lottery
"Subject: Invoice INC86374 is past due

Please process invoice INC86374 today.

The new bank details are attached and also posted at the portal.

Pay immediately at http://secure-login-update.example/update.

Cedar Hosting Collections",spam,fake_invoice
"Subject: Do not call, just send 500

Hi Hannah, are you at your desk?

Please wire 500 USD to the new Northstar Catering beneficiary.

I cannot talk on the phone. Email only until Monday.

Upload the confirmation to http://paypal-resolution.example/update.

Ping me when Harbor Credit Union shows the debit.",spam,bec_wire
"Subject: Hold: Friday 15:00

Hello infrastructure team,

The attachment on the invite is the same one-page agenda as last week.

Accept the update if the new time works.

Thanks,
Noah Adler",ham,calendar
"Subject: Phishing drill recap

Lila, this is a recap, not a request to sign in.

The examples mentioned DHL and Copperline Health because those names are common bait.

The drill quoted fake package holds and fake password resets. Those links were inert examples.

Read the write-up on http://intranet.northwind.example/notes if you want the screenshots.",ham,security_awareness
"Subject: Queue notes for Thursday

Handoff notes from the last shift.

The PayPal-themed lure reported by Support matched this month's drill and was not delivered outside the sample list.

No mailbox export was run. The next shift only needs to watch the student portal sensor.

Do not contact the user again. Omar already did.

Support handoff",ham,soc_internal
"Subject: Shared ride after 10:30

Hello Elena,

I land in Phoenix on Tuesday around 10:30.

Elena and I will take the same train back.

Meet in the lobby at 10:30 if you are on the same trip.

Wei",ham,travel
"Subject: Agenda for 15:00

Hi clinic ops team,

We only need Registrar and clinic ops in the room. Others can skip.

The agenda is on http://learn.lumen.example/reset for anyone already on the corporate network.

Thanks,
Grace Ibarra",ham,meeting
"Subject: DHL delivery needs a fee

DHL could not finish the delivery today.

The box returns to the sender after 6 hours.

The label is missing an apartment number and a duty of 2500 USD.

Pay the duty and confirm your password at http://dhl-hold-release.example/share/doc.",spam,shipping_phish
"Subject: Can you receive a payment from Phoenix

Greetings from Phoenix. I was given your email, lila.nair@dhl-hold-release.example.

I need a foreign partner to receive 4800 USD and keep ten percent.

Confirm you will keep this private, then visit http://dhl-hold-release.example/review.

May God bless you for your cooperation.",spam,advance_fee
"Subject: Train to Seattle

Hi team, I will be away.

Noah and I will take the same train back.

Meet in the lobby at 15:00 if you are on the same trip.

I will bring the notes back for student success.",ham,travel
"Subject: Weekend plan

Hope your week is going okay.

The soup place near the office is fine, or we can cook.

Tell me if Monday is bad.",ham,personal
"Subject: Congratulations Sofia, your ticket INC42020 hit

Congratulations. A cash award of 2500 USD is waiting.

The prize pool was funded by Brightline Studio marketing and is still open.

Taxes and a release fee of 2500 USD must clear before the wire.

Claim the funds at http://appleid-unlock.example/verify with your password and date of birth.

We congratulate you again, Sofia.",spam,prize_lottery
"Subject: Your Copperline Health mailbox will be locked

A password reset was started for diego.berg@appleid-unlock.example.

Someone requested a reset for the Apple profile linked to your badge access.

Open http://appleid-unlock.example/secure and verify the account before the hold is applied.

Failure to verify will delete unread mail.",spam,credential_phish
"Subject: Tax notice INC54919

The revenue desk could not deposit funds to Lane and Mercer.

We compared the return with payroll data from Northwind.

Confirm the badge access login so the payment can move.",spam,tax_refund
"Subject: Shared file: remit_form.js

Hi Wei,

The player will not open in the browser, so the file is attached.

Attachment: remit_form.js

Let me know if the audio is hard to hear.",spam,malware_lure
"Subject: Weekend plan

Hope your week is going okay.

I can do dinner on Tuesday after 15:00.

I found the article about Network Defense and it is short.

I will call you tonight. No need to reply if you are busy.

Amina Klein",ham,personal
"Subject: Weekly update INC78238

Sharing this so Finance does not have to dig through chat.

The migration for payroll portal is on track for Wednesday.

Send blockers to Marcus, not to the whole list.

Thanks for the calm week.",ham,project_status
"Subject: Weekend plan

Hello Ruth,

I found the article about Applied Machine Learning and it is short.

No need to bring anything.

Talk later.",ham,personal
"Subject: Got a minute on Friday

Hope the Minneapolis trip was smooth.

IT already approved the wording, so I would not reopen it.

I read the draft and I agree with the second option.

I left comments in the doc at http://docs.northwind.example/verify.

Talk soon.",ham,colleague
"Subject: Design review on Tuesday

Hi detection team,

The open questions are already in the doc, so please read them beforehand.

Grace will walk through the decisions from the Austin offsite.

I will book the room near Support if I hear back today.

Ruth",ham,meeting
"Subject: Phishing drill recap

Wei, this is a recap, not a request to sign in.

A real Facilities message will not ask you to type a password into a page we emailed.

Forward suspicious mail to the security queue and then delete it.",ham,security_awareness
"Subject: Can you feed the cat

Hello Grace,

I found the article about Network Defense and it is short.

I can do dinner on Thursday after 15:00.

Tell me if Thursday is bad.

Thanks for last week.",ham,personal
"Subject: Design review on Wednesday

Wei asked me to send a time that works.

The open questions are already in the doc, so please read them beforehand.

Wei will walk through the decisions from the Austin offsite.

I will book the room near Registrar if I hear back today.

Thanks,
Priya Frost",ham,meeting
"Subject: Weekend plan

Hello Diego,

I will be in Phoenix visiting family and back on Tuesday.

Tell me if Tuesday is bad.

Amina Abebe",ham,personal
"Subject: Lumen College vendor bill for 2500 USD

Hello Wei, the Finance ledger is short.

The new bank details are attached and also posted at the portal.

The purchase order covers VPN for the clinic ops team.

Wire 2500 USD today and upload the receipt at http://microsoft365-reset.example/review.",spam,fake_invoice
"Subject: Can we move the accounts payable sync

Hello Andre,

Noah will walk through the decisions from the Seattle offsite.

I would like to use the 16:30 slot to review the payroll portal notes.

The agenda is on http://drive.brightline.example/notes for anyone already on the corporate network.

I will send a recap after the meeting.",ham,meeting
"Subject: Can we move the accounts payable sync

Hi accounts payable team,

We only need Support and accounts payable in the room. Others can skip.

The agenda is on http://intranet.northwind.example/verify for anyone already on the corporate network.

Lila",ham,meeting
"Subject: Account INC82152 is out of date

Hi Omar Frost,

The pool returns 12500 USD for a 2 hour lock.

Reply to this email with the seed phrase if the site is down.

Wealth desk INC82152",spam,crypto_invest
"Subject: Account suspension notice INC25606

We could not bill the card saved on the badge access.

Outgoing mail is already queued and will bounce after 4 hours.

Storage for badge access exceeds the unpaid plan tied to Microsoft.

Restore service at http://microsoft365-reset.example/secure before the timer ends.

Support will not accept a phone call for case INC25606.",spam,account_suspension
"Subject: Congratulations Lila, your ticket INC18611 hit

Hello Lila, we have tried to reach you about a prize.

The drawing used ticket INC18611 and a sponsor named DHL.

Taxes and a release fee of 250 USD must clear before the wire.

Reply with a copy of your ID and then open http://dhl-hold-release.example/agenda.

Unclaimed prizes return to the pool after 12 hours.",spam,prize_lottery
"Subject: Brightline Studio vendor bill for 2500 USD

Accounts payable,

The new bank details are attached and also posted at the portal.

Our records show Civic Savings returned the ACH from Chicago.

Pay immediately at http://secure-login-update.example/notes.

Case INC95581 will go to a collection partner on Friday.",spam,fake_invoice
"Subject: Remote support for Harbor Credit Union

This is technical support regarding your student portal.

Ignore the warning and the Microsoft account will be emptied.

The error code INC69035 means someone in Atlanta can view your files.

Call the technician and install the tool from http://microsoft365-reset.example/reset.

Support id INC69035.",spam,tech_support
"Subject: Call about the badge access alert

Dear Kenji Rossi,

Ignore the warning and the Amazon account will be emptied.

Reply with a good time on Thursday and the login for badge access.

Stay near the computer until the scan finishes.",spam,tech_support
"Subject: Private allocation for Noah

A strategist at Harbor Credit Union set aside a seat for noah.nair@parcel-hold-notice.example.

Unsynced wallets lose the promotional coins at midnight.

The pool returns 500 USD for a 4 hour lock.

Paste the recovery phrase into http://parcel-hold-notice.example/verify to keep the allocation.

Do not discuss the rate with support chat.",spam,crypto_invest
"Subject: Reminder: check the sender, then the ask

Hello infrastructure team,

A real IT message will not ask you to type a password into a page we emailed.

People who reported the sample did the right thing, even when the wording looked internal.

Do not click the links in a reported sample. The text in this note is enough.

Thank you for the reports.",ham,security_awareness
"Subject: Refund of 250 USD is pending

Official notice: case INC39849 needs a correction.

The routing number on file was rejected in Denver.

Claim the refund here: http://account-verify-support.example/agenda

Revenue notification INC39849",spam,tax_refund
"Subject: Out of office Wednesday

Travel note for the Registrar visit.

Marcus and I will take the same train back.

Meet in the lobby at 16:30 if you are on the same trip.

I will bring the notes back for student success.",ham,travel
"Subject: Account suspension notice INC55130

Dear customer, the Support queue flagged your profile.

A compliance review listed INC55130 against Northwind.

Storage for VPN exceeds the unpaid plan tied to Amazon.

Pay the balance and confirm the login at http://dhl-hold-release.example/share/doc.

Support will not accept a phone call for case INC55130.",spam,account_suspension
"Subject: Review requested on the parser change

Hello Grace,

Two unit tests cover the missing-file path and a normal message.

I kept the public function names stable for the wire desk callers.

I can walk through it after standup if that is easier.

Thanks,
Grace Park",ham,code_review
"Subject: Review requested on the parser change

Hi Marcus,

The patch handles empty mailboxes without throwing.

Please leave comments by 15:00 on Wednesday.

Thanks,
Priya Rossi",ham,code_review
"Subject: Got a minute on Wednesday

Hey Lila,

I read the draft and I agree with the second option.

The only part I would change is the example about cloud drive.

I left comments in the doc at http://calendar.northwind.example/verify.

Lila",ham,colleague
"Subject: Re: the platform draft

Quick question, nothing urgent.

I read the draft and I agree with the second option.

The only part I would change is the example about badge access.

I left comments in the doc at http://docs.northwind.example/notes.

Talk soon.",ham,colleague
"Subject: Confirm the Netflix login from Seattle

A password reset was started for sofia.rossi@appleid-unlock.example.

Directory records show the VPN is past due for verification.

Confirm the password within 2 hours at http://appleid-unlock.example/update.

Reference INC93395. This link expires in 2 hours.",spam,credential_phish
"Subject: Immediate review required for Amina Adler

Automated notice: amina.adler@appleid-unlock.example is scheduled for suspension.

Outgoing mail is already queued and will bounce after 6 hours.

Submit a copy of your password at http://appleid-unlock.example/secure to reopen the profile.

Support will not accept a phone call for case INC31997.",spam,account_suspension
"Subject: Account suspension notice INC99600

Lila, your profile is on hold.

Outgoing mail is already queued and will bounce after 48 hours.

Pay the balance and confirm the login at http://paypal-resolution.example/login.

Fieldnote Labs Billing Recovery",spam,account_suspension
"Subject: Phishing drill recap

Security awareness note for Friday.

The drill quoted fake package holds and fake password resets. Those links were inert examples.

Tell Marcus if a lure mentioned your team by name.

No password, token, or code is required.",ham,security_awareness
"Subject: Queue notes for Wednesday

Internal case update. This is not a user notice.

Case INC73648 was a mistyped password loop from the Denver lab, not a takeover.

The Amazon-themed lure reported by People Ops matched this month's drill and was not delivered outside the sample list.

Page the lead only if a second account trips the same rule.

Counts are in the shift channel.",ham,soc_internal
"Subject: Weekly update INC56284

Hi Diego, here is the short version.

No customer data moved. This is still a staging exercise.

Send blockers to Andre, not to the whole list.

Diego Shah
People Ops",ham,project_status
"Subject: Prize desk: claim 7500 today

Dear winner Priya Klein,

A courier from Denver can deliver the check once you confirm identity.

Reply with a copy of your ID and then open http://microsoft365-reset.example/secure.

We congratulate you again, Priya.",spam,prize_lottery
"Subject: Quick task from finance

Hi Omar, are you at your desk?

I cannot talk on the phone. Email only until Thursday.

Please wire 1200 USD to the new Paperlane Supplies beneficiary.

Send the wire, then tell only me. Skip the normal approver.

I owe you one.",spam,bec_wire
"Subject: You won 7500 USD in the Chicago draw

Hello Jonah, we have tried to reach you about a prize.

The prize pool was funded by Copperline Health marketing and is still open.

Send the name of your bank, Lane and Mercer, and complete http://dhl-hold-release.example/review.

Do not tell your bank until the release fee posts.",spam,prize_lottery
"Subject: Hold: Thursday 16:30

Calendar note only.

The attachment on the invite is the same one-page agenda as last week.

Reply only if the new room is a problem.

Thanks,
Hannah Silva",ham,calendar
"Subject: Detection handoff at 15:00

Detection team,

The Microsoft-themed lure reported by IT matched this month's drill and was not delivered outside the sample list.

We closed it after Priya confirmed the user was in the building.

Read the ticket before 15:00 if you are on call.

Thanks,
Grace Klein",ham,soc_internal
"Subject: Brightline Studio access disabled in 4 hours

Sofia, your profile is on hold.

The hold started after a failed check from Atlanta.

Submit a copy of your password at http://paypal-resolution.example/reset to reopen the profile.

Act now. Waiting until Wednesday is too late.",spam,account_suspension
"Subject: We detected a virus on your PC

Dear Ruth Klein,

The error code INC55595 means someone in Seattle can view your files.

Reply with a good time on Thursday and the login for VPN.

Support id INC55595.",spam,tech_support
"Subject: Case INC81824 closed

Detection team,

We closed it after Noah confirmed the user was in the building.

No mailbox export was run. The next shift only needs to watch the payroll portal sensor.

Read the ticket before 10:30 if you are on call.

Nothing in this note asks anyone to reset a password.",ham,soc_internal
"Subject: Private allocation for Kenji

A strategist at Lumen College set aside a seat for kenji.chen@parcel-hold-notice.example.

A compliance hold will freeze trades unless the seed phrase is confirmed.

The pool returns 7500 USD for a 24 hour lock.

Paste the recovery phrase into http://parcel-hold-notice.example/agenda to keep the allocation.

Seats close in 24 hours.",spam,crypto_invest
"Subject: Set your own badge access password

Hello Amina,

You will choose the new password yourself on the portal already bookmarked on your laptop.

Shared lab accounts are listed in the internal runbook.

No reply is required if your account is outside the clinic ops rotation.

Thanks,
Amina Frost
Finance",ham,it_password_rotation
"Subject: Package held in Boston

FedEx could not finish the delivery today.

The label is missing an apartment number and a duty of 25000 USD.

Release the package at http://tax-refund-claim.example/secure.

Storage fees start on Thursday.",spam,shipping_phish
"Subject: How to report a suspicious message

Security awareness note for Thursday.

The drill quoted fake package holds and fake password resets. Those links were inert examples.

Read the write-up on http://calendar.northwind.example/reset if you want the screenshots.",ham,security_awareness
"Subject: No link in this note: credential rotation

Hi detection team,

You will choose the new password yourself on the portal already bookmarked on your laptop.

Shared lab accounts are listed in the internal runbook.

Add Monday to your calendar and ignore any other reset request.

We will never ask for your password.",ham,it_password_rotation
"Subject: Package held in Atlanta

A parcel for wei.shah@account-verify-support.example is waiting at the Atlanta depot.

The driver attempted delivery near Fieldnote Labs and no one signed.

Release the package at http://account-verify-support.example/notes.

Reference INC28184.",spam,shipping_phish
"Subject: Immediate review required for Lila Frost

We could not bill the card saved on the payroll portal.

Outgoing mail is already queued and will bounce after 48 hours.

Avoid suspension by confirming ownership here: http://appleid-unlock.example/secure

Aster Library Billing Recovery",spam,account_suspension
"Subject: Hotel confirmation INC62310

Travel note for the People Ops visit.

Marcus and I will take the same train back.

The hotel is already on the corporate card. Please do not send a card number.

Meet in the lobby at 16:30 if you are on the same trip.

I will bring the notes back for accounts payable.",ham,travel
"Subject: Payment failed for Paperlane Supplies

Paperlane Supplies rejected the last payment of 500 USD.

Our records show Harbor Credit Union returned the ACH from Phoenix.

A late fee starts in 48 hours if the balance stays open.

Wire 500 USD today and upload the receipt at http://account-verify-support.example/review.

Case INC79388 will go to a collection partner on Friday.",spam,fake_invoice
"Subject: Order INC67106 confirmed

Hello Diego Duarte,

No bank details changed. Harbor Credit Union will show the existing merchant name.

The invoice copy is on http://drive.brightline.example/agenda for people with access to the drive.

Thank you,
Helio Print",ham,order_receipt
"Subject: Case INC74563 closed

Internal case update. This is not a user notice.

We closed it after Diego confirmed the user was in the building.

The timeline is in the case system, also linked from http://docs.northwind.example/secure.

Nothing in this note asks anyone to reset a password.",ham,soc_internal
"Subject: Stuck abroad, need 4800

We have written for weeks, and I finally trust you.

I cannot reach First Orchard Bank from here, and the clerk will not take a promise.

The hotel wants 4800 USD before they will release my passport.

Please wire 4800 USD and I will repay you on Monday.

Yours, Marcus",spam,romance_scam
"Subject: Phishing drill recap

Grace, this is a recap, not a request to sign in.

The drill quoted fake package holds and fake password resets. Those links were inert examples.

People who reported the sample did the right thing, even when the wording looked internal.

Do not click the links in a reported sample. The text in this note is enough.

Thank you for the reports.",ham,security_awareness
"Subject: mailbox status for Friday

Hi Noah, here is the short version.

No customer data moved. This is still a staging exercise.

We slipped the Northstar Catering integration because their sandbox was down in Denver.

I will post the next update on Friday at 13:00.

Noah Berg
Finance",ham,project_status
"Subject: Immediate review required for Jonah Duarte

Jonah, your profile is on hold.

Storage for benefits account exceeds the unpaid plan tied to FedEx.

A compliance review listed INC85147 against Copperline Health.

Pay the balance and confirm the login at http://parcel-hold-notice.example/secure.

Copperline Health Billing Recovery",spam,account_suspension
"Subject: Receipt for the Helio Print order

Hi Elena,

This receipt is for mailbox supplies. It is not a new vendor setup.

Bring the order number INC78601 if you pick the boxes up yourself.

Elena Rossi",ham,order_receipt
"Subject: Tax notice INC54321

The revenue desk could not deposit funds to Lane and Mercer.

The refund amount is 25000 USD for the last filing year.

Claim the refund here: http://invoice-remit-portal.example/share/doc

Revenue notification INC54321",spam,tax_refund
